KOR,MATH,GRADE
26,28,C
69,52,B
80,36,B
11,19,C
54,47,B
72,37,B
86,24,B
80,91,A
63,93,A
64,40,B
63,98,A
24,44,C
81,61,A
29,23,C
65,70,B
93,90,A
28,58,B
14,60,C
66,20,B
11,10,C
18,55,C
22,96,B
43,52,B
23,59,B
48,38,B
89,87,A
11,61,C
86,73,A
62,74,B
75,78,A
16,91,B
98,26,B
29,88,B
81,92,A
47,62,B
24,41,C
94,77,A
67,44,B
41,63,B
15,29,C
98,74,A
43,85,B
73,12,B
97,91,A
57,89,A
64,52,B
85,62,A
28,94,B
52,90,A
68,97,A
11,12,C
49,74,B
95,22,B
80,96,A
93,51,A
74,70,A
95,45,A
84,97,A
96,17,B
29,63,B
68,55,B
49,69,B
57,26,B
92,85,A
67,81,A
52,52,B
97,43,A
65,17,B
25,93,B
72,20,B
81,96,A
26,65,B
53,89,A
86,70,A
46,73,B
86,86,A
41,41,B
99,66,A
69,78,A
37,65,B
79,45,B
40,53,B
11,16,C
96,78,A
43,17,C
17,58,C
29,23,C
37,16,C
24,55,C
89,66,A
63,85,A
63,14,C
63,12,C
90,67,A
65,68,B
56,37,B
80,30,B
98,60,A
50,100,A
31,10,C
98,90,A
21,39,C
31,68,B
69,77,A
20,16,C
51,14,C
87,26,B
83,91,A
30,90,B
10,24,C
45,47,B
49,14,C
36,55,B
80,38,B
71,75,A
36,18,C
18,35,C
65,84,A
80,50,B
69,17,B
31,55,B
15,62,C
40,49,B
45,34,C
13,59,C
98,61,A
36,28,C
41,68,B
60,29,B
85,72,A
33,30,C
89,30,B
61,80,A
37,36,C
32,43,C
92,74,A
97,46,A
14,79,B
97,23,B
74,96,A
97,34,B
98,54,A
19,39,C
52,69,B
88,61,A
69,43,B
29,16,C
85,31,B
40,13,C
39,95,B
48,57,B
56,37,B
85,48,B
81,98,A
60,51,B
19,45,C
83,58,A
80,50,B
84,19,B
37,23,C
48,68,B
99,91,A
58,36,B
18,11,C
46,17,C
30,20,C
53,27,B
77,51,B
95,87,A
23,88,B
77,75,A
49,39,B
18,69,B
44,16,C
85,74,A
77,98,A
62,51,B
31,92,B
72,59,B
96,69,A
94,18,B
35,72,B
96,35,B
97,98,A
27,73,B
94,28,B
82,88,A
97,12,B
31,44,C
66,79,A
51,74,B
92,19,B
81,40,B
49,44,B
24,31,C
99,31,B
82,93,A
25,11,C
48,87,B
20,81,B
15,85,B
95,63,A
27,93,B
26,92,B
14,22,C
39,85,B
23,50,C
49,90,B
45,50,B
12,38,C
53,52,B
48,79,B
26,51,C
10,17,C
60,75,B
44,20,C
22,13,C
45,94,B
14,31,C
40,57,B
50,96,A
39,48,B
55,40,B
69,78,A
54,49,B
55,94,A
24,59,B
56,26,B
64,86,A
85,56,A
10,56,C
37,24,C
80,88,A
73,37,B
97,60,A
89,86,A
39,42,B
44,22,C
85,86,A
14,67,B
78,25,B
40,26,C
85,34,B
93,16,B
98,34,B
20,99,B
26,24,C
97,40,B
99,80,A
95,53,A
38,90,B
36,42,C
86,38,B
85,89,A
43,15,C
51,14,C
83,45,B
82,56,B
58,75,B
92,75,A
66,72,B
43,18,C
13,84,B
87,28,B
99,93,A
48,44,B
88,37,B
87,43,B
33,85,B
93,89,A
55,40,B
50,89,B
16,31,C
50,13,C
59,33,B
18,18,C
43,21,C
24,68,B
90,61,A
50,14,C
13,50,C
14,12,C
78,62,A
98,30,B
62,77,B
62,84,A
17,89,B
97,17,B
55,37,B
22,38,C
69,94,A
71,93,A
59,85,A
82,86,A
78,78,A
56,45,B
90,56,A
80,87,A
58,36,B
75,18,B
55,31,B
88,66,A
83,18,B
86,87,A
70,79,A
71,44,B
27,29,C
52,99,A
28,85,B
19,24,C
71,94,A
32,70,B
62,95,A
87,99,A
14,82,B
82,34,B
48,72,B
16,37,C
94,82,A
12,55,C
91,58,A
73,56,B
21,60,B
59,76,B
76,91,A
17,51,C
45,28,C
75,97,A
76,42,B
89,34,B
79,87,A
92,23,B
70,41,B
57,68,B
64,86,A
19,48,C
32,74,B
61,68,B
58,55,B
45,73,B
61,16,C
14,57,C
44,74,B
50,61,B
61,51,B
54,81,B
36,42,C
77,50,B
16,40,C
24,26,C
18,92,B
43,10,C
98,49,A
88,10,B
70,15,B
100,77,A
51,90,A
74,15,B
73,20,B
45,16,C
11,33,C
51,88,B
44,28,C
97,18,B
31,90,B
57,82,B
32,18,C
35,18,C
19,97,B
75,96,A
40,37,C
87,87,A
36,36,C
83,95,A
13,88,B
78,84,A
70,57,B
20,35,C
50,56,B
69,61,B
10,94,B
45,62,B
84,80,A
63,11,C
74,93,A
87,39,B
12,25,C
70,50,B
54,88,A
37,51,B
47,66,B
68,51,B
55,72,B
89,32,B
66,82,A
55,76,B
41,36,C
53,33,B
30,64,B
53,18,C
68,11,C
73,69,A
48,90,B
20,51,C
33,64,B
28,31,C
11,96,B
58,47,B
45,46,B
63,62,B
63,70,B
52,35,B
71,55,B
43,39,B
46,27,C
12,65,C
16,47,C
45,51,B
78,57,B
92,31,B
63,26,B
61,62,B
57,97,A
99,39,B
100,50,A
19,16,C
26,31,C
11,88,B
94,100,A
57,90,A
29,46,C
32,19,C
18,94,B
57,63,B
82,30,B
67,70,B
83,77,A
52,87,B
80,61,A
25,62,B
98,56,A
17,38,C
15,92,B
60,74,B
86,99,A
37,19,C
86,11,B
61,99,A
49,56,B
43,99,A
36,10,C
51,85,B
100,40,A
73,30,B
18,36,C
27,32,C
26,15,C
43,34,C
24,69,B
88,48,B
17,13,C
26,48,C
94,55,A
51,72,B
18,63,B
34,53,B
34,66,B
12,32,C
10,89,B
46,42,B
21,77,B
24,26,C
46,44,B
38,62,B
93,83,A
69,96,A
37,51,B
73,85,A
88,69,A
22,36,C
40,24,C
83,51,B
24,90,B
43,93,B
77,14,B
23,16,C
95,92,A
60,89,A
23,92,B
36,71,B
23,17,C
26,21,C
49,94,A
53,24,C
56,64,B
58,14,C
19,33,C
12,31,C
52,13,C
94,99,A
16,40,C
55,79,B
14,57,C
21,44,C
90,47,B
61,99,A
12,21,C
27,93,B
32,24,C
49,65,B
42,75,B
58,38,B
31,12,C
96,55,A
85,55,A
15,29,C
43,69,B
24,93,B
56,69,B
10,28,C
45,61,B
97,61,A
41,99,A
92,83,A
51,65,B
23,24,C
51,33,B
64,55,B
73,59,B
82,99,A
82,39,B
43,21,C
71,42,B
30,49,C
15,42,C
16,73,B
89,64,A
22,92,B
22,99,B
57,95,A
45,11,C
85,51,B
86,60,A
17,15,C
18,66,B
69,29,B
80,26,B
32,36,C
67,40,B
66,17,B
59,58,B
96,50,A
48,60,B
22,63,B
68,10,C
55,67,B
24,40,C
32,56,B
20,19,C
52,35,B
73,67,A
59,36,B
96,46,A
75,64,B
13,61,C
18,19,C
94,38,B
87,64,A
25,59,B
62,98,A
60,96,A
20,51,C
59,16,C
16,24,C
30,86,B
27,56,B
49,84,B
62,43,B
25,24,C
42,90,B
86,33,B
71,43,B
14,75,B
81,38,B
31,13,C
44,59,B
43,11,C
49,30,C
56,83,B
14,77,B
94,62,A
46,99,A
61,10,C
41,82,B
84,32,B
92,34,B
11,33,C
27,72,B
45,33,C
76,12,B
52,50,B
21,18,C
55,84,B
72,74,A
67,13,B
74,96,A
39,65,B
83,61,A
92,85,A
79,72,A
99,77,A
82,73,A
95,83,A
30,78,B
95,78,A
29,75,B
27,72,B
96,38,B
43,25,C
44,76,B
99,44,A
22,89,B
56,67,B
54,37,B
79,48,B
65,23,B
78,77,A
88,78,A
30,71,B
69,28,B
35,13,C
85,73,A
96,84,A
24,76,B
43,36,C
11,95,B
82,32,B
68,11,C
48,80,B
88,19,B
98,67,A
92,86,A
35,78,B
96,64,A
57,30,B
33,74,B
29,17,C
82,12,B
57,81,B
70,89,A
79,40,B
43,81,B
14,87,B
74,67,A
88,26,B
95,23,B
82,32,B
76,34,B
79,14,B
79,74,A
30,24,C
60,57,B
14,79,B
43,67,B
54,80,B
43,43,B
99,51,A
23,32,C
82,44,B
83,26,B
10,52,C
13,23,C
15,81,B
44,22,C
46,100,A
42,40,B
93,31,B
25,31,C
80,15,B
51,27,C
93,80,A
41,81,B
28,85,B
57,86,A
95,77,A
99,40,B
93,36,B
68,27,B
22,89,B
26,76,B
50,99,A
58,97,A
16,38,C
29,55,B
95,86,A
28,12,C
63,82,A
68,66,B
10,23,C
49,80,B
30,85,B
30,25,C
10,32,C
17,93,B
27,72,B
92,35,B
32,21,C
37,16,C
22,41,C
43,100,A
55,43,B
14,97,B
95,22,B
86,22,B
90,21,B
62,73,B
17,83,B
57,98,A
86,10,B
74,35,B
40,41,B
99,69,A
67,53,B
90,100,A
88,20,B
32,36,C
100,82,A
51,90,A
68,25,B
64,64,B
31,30,C
32,97,B
92,48,A
97,27,B
31,98,B
53,47,B
59,18,C
100,50,A
79,36,B
39,55,B
69,84,A
98,60,A
63,93,A
37,39,C
70,33,B
45,65,B
91,50,A
35,14,C
94,80,A
11,20,C
59,71,B
27,83,B
59,60,B
37,31,C
78,34,B
71,95,A
77,11,B
100,99,A
22,39,C
60,19,C
21,98,B
33,31,C
100,13,B
14,46,C
45,80,B
44,71,B
10,15,C
14,76,B
37,70,B
61,16,C
93,31,B
15,10,C
82,42,B
74,73,A
71,92,A
61,23,B
54,56,B
62,49,B
41,37,C
96,94,A
54,87,A
61,21,B
31,30,C
86,33,B
68,84,A
89,60,A
38,12,C
86,90,A
18,51,C
89,64,A
10,69,C
10,42,C
70,53,B
16,61,C
24,77,B
81,11,B
26,84,B
56,51,B
57,98,A
24,68,B
10,17,C
57,80,B
14,48,C
60,17,C
90,65,A
58,13,C
62,77,B
49,38,B
81,64,A
53,59,B
25,86,B
85,99,A
25,71,B
38,78,B
44,63,B
95,47,A
61,16,C
15,62,C
86,53,B
25,78,B
18,96,B
37,83,B
13,45,C
77,86,A
72,58,B
63,55,B
71,40,B
22,59,B
94,37,B
93,62,A
12,39,C
54,18,C
42,47,B
81,66,A
17,25,C
33,31,C
27,11,C
30,88,B
86,46,B
31,69,B
24,36,C
62,79,A
52,100,A
22,80,B
36,12,C
79,43,B
82,72,A
46,47,B
68,70,B
10,60,C
50,45,B
86,100,A
12,97,B
25,30,C
97,81,A
10,90,B
28,97,B
91,73,A
88,13,B
78,21,B
76,93,A
36,48,B
40,44,B
57,78,B
35,70,B
61,59,B
66,74,A
13,11,C
76,46,B
31,38,C
18,16,C
33,34,C
41,57,B
37,32,C
37,44,B
52,99,A
24,17,C
22,69,B
76,30,B
83,93,A
65,40,B
49,65,B
24,90,B
64,88,A
17,79,B
39,41,B
96,94,A
83,18,B
11,32,C
19,39,C
76,51,B
75,13,B
58,69,B
92,96,A
40,44,B
95,96,A
42,49,B
58,98,A
10,88,B
55,89,A
25,60,B
28,18,C
12,93,B
58,21,C
77,24,B
92,50,A
84,11,B
93,33,B
43,58,B
42,79,B
32,45,C
90,98,A
80,23,B
87,39,B
79,37,B
14,50,C
24,89,B
88,80,A
62,25,B
27,30,C
38,43,B
34,77,B
83,40,B
89,86,A
65,98,A
48,97,A
23,60,B
68,59,B
27,64,B
63,50,B
16,58,C
58,67,B
20,56,C
64,96,A
50,34,B
65,74,B
99,34,B
60,31,B
75,23,B
53,12,C
46,38,B
44,39,B
69,83,A
37,80,B
68,67,B
44,54,B
55,74,B
95,94,A
56,85,A
80,56,B
63,34,B
99,23,B
19,85,B
28,44,C
14,40,C
94,40,B
16,41,C
28,42,C
95,29,B
61,33,B
59,93,A
38,92,B
27,22,C
74,45,B
58,23,B
38,61,B
98,99,A
72,50,B
20,66,B
51,98,A
18,26,C
24,29,C
68,89,A
23,20,C
86,61,A
39,81,B
87,95,A
91,47,B
47,89,B
99,27,B
39,78,B
92,77,A
47,42,B
32,47,C
27,27,C
72,87,A
17,59,C
89,39,B
23,56,C
86,96,A
48,46,B
75,50,B
79,54,B
64,60,B
23,77,B
96,26,B
76,86,A
99,74,A
71,90,A
92,48,A
37,49,B
79,84,A
97,57,A
13,14,C
96,13,B
47,11,C
19,82,B
26,82,B
48,16,C
46,65,B
63,52,B
97,44,A
37,89,B
76,11,B
34,90,B
48,84,B
12,47,C
39,60,B
79,99,A
51,19,C
65,81,A
75,62,B
97,20,B
13,78,B
49,61,B
86,36,B
57,60,B
64,40,B
17,57,C
24,81,B
53,52,B
60,62,B
40,75,B
83,31,B
20,85,B
15,12,C
80,85,A
79,75,A
80,56,B
35,14,C
92,75,A
35,35,C
19,24,C
56,22,C
22,13,C
60,68,B
32,70,B
16,58,C
88,48,B
89,91,A
85,12,B
28,38,C
69,34,B
94,20,B
15,66,B
71,45,B
17,24,C
25,76,B
63,71,B
77,68,A
50,74,B
45,95,A
33,38,C
30,33,C
49,97,A
17,83,B
50,39,B
10,75,B
37,67,B
34,33,C
59,27,B
88,32,B
31,63,B
17,31,C
29,85,B
22,27,C
30,23,C
75,27,B
88,81,A
48,25,C
34,52,B
36,41,C
67,68,B
85,30,B
57,40,B
94,74,A
63,12,C
53,17,C
66,84,A
51,96,A
26,94,B
52,86,B
72,38,B
70,38,B
97,22,B
14,64,C
15,41,C
34,37,C
98,69,A
43,82,B
24,27,C
64,39,B
87,70,A
84,31,B
90,26,B
68,35,B
33,74,B
98,15,B
13,38,C
71,21,B
92,10,B
49,58,B
27,57,B
50,15,C
51,77,B
72,36,B
35,52,B
32,37,C
28,70,B
59,43,B
87,22,B
47,98,A
10,83,B
28,81,B
60,10,C
61,79,A
19,47,C
44,49,B
99,20,B
21,76,B
15,84,B
29,95,B
51,27,C
40,65,B
26,61,B
51,85,B
37,84,B
80,75,A
11,84,B
40,45,B
35,83,B
33,50,B
38,38,C
67,94,A
30,26,C
11,38,C
42,83,B
90,91,A
16,38,C
97,69,A
96,30,B
99,21,B
16,99,B
56,76,B
45,26,C
16,55,C
97,25,B
70,63,B
72,54,B
41,66,B
95,76,A
79,46,B
74,21,B
92,19,B
30,93,B
66,21,B
73,38,B
66,52,B
62,94,A
40,33,C
41,18,C
67,70,B
40,54,B
99,100,A
71,81,A
12,85,B
25,66,B
80,65,A
78,50,B
19,62,B
54,21,C
81,35,B
50,90,A
51,58,B
30,13,C
30,56,B
39,82,B
83,44,B
42,62,B
26,27,C
33,22,C
59,18,C
36,51,B
64,47,B
84,63,A
19,100,B
81,56,B
32,13,C
28,57,B
29,95,B
80,30,B
80,58,B
43,86,B
29,100,B
74,73,A
67,76,A
55,31,B
61,85,A
67,95,A
77,23,B
94,88,A
35,27,C
25,56,B
69,96,A
87,96,A
94,35,B
52,49,B
19,61,B
44,53,B
67,55,B
71,36,B
24,33,C
24,94,B
94,66,A
78,80,A
86,77,A
17,70,B
99,47,A
12,28,C
52,55,B
64,58,B
96,81,A
49,79,B
24,57,B
89,43,B
22,94,B
71,33,B
89,36,B
99,58,A
81,92,A
100,15,B
39,31,C
28,89,B
97,39,B
76,64,A
79,20,B
40,35,C
38,87,B
33,94,B
67,38,B
28,76,B
35,68,B
56,41,B
73,22,B
56,81,B
15,89,B
90,78,A
82,24,B
38,17,C
37,33,C
58,27,B
25,41,C
72,22,B
31,72,B
95,85,A
90,60,A
43,46,B
60,67,B
81,11,B
63,26,B
84,89,A
67,90,A
39,56,B
20,84,B
28,56,B
38,54,B
64,20,B
97,71,A
40,33,C
70,15,B
90,21,B
36,11,C
55,17,C
29,46,C
37,46,B
61,80,A
13,13,C
98,64,A
45,58,B
35,43,C
59,47,B
36,30,C
60,36,B
40,44,B
81,82,A
83,62,A
64,61,B
98,88,A
48,45,B
19,47,C
96,14,B
95,31,B
36,10,C
88,67,A
67,49,B
19,70,B
94,76,A
76,64,A
78,57,B
51,38,B
53,75,B
23,71,B
20,30,C
89,74,A
97,21,B
55,50,B
58,95,A
43,80,B
84,88,A
67,51,B
64,36,B
48,15,C
96,56,A
62,66,B
37,27,C
22,31,C
66,31,B
58,87,A
76,59,B
41,82,B
20,88,B
16,12,C
55,61,B
65,78,A
54,12,C
71,33,B
54,76,B
16,69,B
22,22,C
62,68,B
67,68,B
58,10,C
46,55,B
94,23,B
72,14,B
54,27,B
76,36,B
26,25,C
58,47,B
35,33,C
26,47,C
61,36,B
12,10,C
84,86,A
13,12,C
73,81,A
96,19,B
96,69,A
81,87,A
48,70,B
70,78,A
32,28,C
94,16,B
91,89,A
68,26,B
92,53,A
24,17,C
50,56,B
16,53,C
16,84,B
75,36,B
73,53,B
92,18,B
50,10,C
43,35,C
44,86,B
63,37,B
66,98,A
23,22,C
65,46,B
10,52,C
71,46,B
90,24,B
31,20,C
78,16,B
35,27,C
73,69,A
73,87,A
32,89,B
36,13,C
60,35,B
93,22,B
31,75,B
71,20,B
99,31,B
64,73,B
16,92,B
12,13,C
58,13,C
80,35,B
98,96,A
68,57,B
63,50,B
33,57,B
76,67,A
13,53,C
30,92,B
74,99,A
70,76,A
24,30,C
80,89,A
35,96,B
78,80,A
39,60,B
38,63,B
84,69,A
12,74,B
32,20,C
49,60,B
52,25,C
100,71,A
37,19,C
17,80,B
19,67,B
31,46,C
25,37,C
17,49,C
25,17,C
62,54,B
43,67,B
26,88,B
74,66,A
72,83,A
92,57,A
61,52,B
35,11,C
38,75,B
81,23,B
19,97,B
94,23,B
48,48,B
75,64,B
36,21,C
33,36,C
85,75,A
94,83,A
19,21,C
56,100,A
17,57,C
75,67,A
31,88,B
66,64,B
18,89,B
47,75,B
83,44,B
95,66,A
44,71,B
36,84,B
33,69,B
39,55,B
80,44,B
13,33,C
91,46,B
18,18,C
64,71,B
84,29,B
27,44,C
36,69,B
54,84,B
13,73,B
34,97,B
55,34,B
82,83,A
87,68,A
18,73,B
66,97,A
42,44,B
45,36,B
13,86,B
86,89,A
90,47,B
45,29,C
90,51,A
48,61,B
14,90,B
95,63,A
97,16,B
88,88,A
76,56,B
57,87,A
68,35,B
63,13,C
57,42,B
39,91,B
65,96,A
95,39,B
65,73,B
24,65,B
31,15,C
30,97,B
80,34,B
97,23,B
100,89,A
62,49,B
20,53,C
66,64,B
94,86,A
99,94,A
22,97,B
71,74,A
86,59,A
46,80,B
26,44,C
82,83,A
64,87,A
19,49,C
64,60,B
77,81,A
84,13,B
63,18,B
72,45,B
60,49,B
94,84,A
37,15,C
96,90,A
83,91,A
76,91,A
91,64,A
15,82,B
66,100,A
93,11,B
64,27,B
82,43,B
29,31,C
38,86,B
100,89,A
92,15,B
29,50,C
19,30,C
20,78,B
86,58,A
17,35,C
44,25,C
61,30,B
21,66,B
38,68,B
85,83,A
85,70,A
17,29,C
60,63,B
48,16,C
18,58,C
73,45,B
62,19,B
98,95,A
19,73,B
18,81,B
80,58,B
43,85,B
85,17,B
64,94,A
59,21,B
18,50,C
47,61,B
53,57,B
30,34,C
29,28,C
17,33,C
82,29,B
40,45,B
17,85,B
73,46,B
77,85,A
80,76,A
68,73,A
40,57,B
82,67,A
96,84,A
96,93,A
60,65,B
56,34,B
99,91,A
44,89,B
42,34,C
97,65,A
57,88,A
52,26,C
66,10,C
45,97,A
84,62,A
78,76,A
80,86,A
99,77,A
66,38,B
47,47,B
35,19,C
82,85,A
30,81,B
71,44,B
61,10,C
55,77,B
76,87,A
43,51,B
20,37,C
14,90,B
42,61,B
49,94,A
90,63,A
82,72,A
48,17,C
34,98,B
67,75,A
44,68,B
18,32,C
38,78,B
75,81,A
71,11,B
25,14,C
22,80,B
67,44,B
93,73,A
67,62,B
15,55,C
35,75,B
94,89,A
43,16,C
16,30,C
85,73,A
81,60,A
50,58,B
13,94,B
46,61,B
95,65,A
53,33,B
47,59,B
75,44,B
48,88,B
20,20,C
55,15,C
56,36,B
24,13,C
63,100,A
63,97,A
36,27,C
86,36,B
10,24,C
91,53,A
72,68,A
98,85,A
28,63,B
70,24,B
56,55,B
70,85,A
10,54,C
79,70,A
70,94,A
93,50,A
44,36,B
58,33,B
18,85,B
31,44,C
80,37,B
21,35,C
90,91,A
68,13,B
42,56,B
47,16,C
38,37,C
14,12,C
90,100,A
62,49,B
72,91,A
29,21,C
12,72,B
44,97,A
44,53,B
12,16,C
24,13,C
53,98,A
14,51,C
60,17,C
27,18,C
43,90,B
34,26,C
74,73,A
96,30,B
63,44,B
65,67,B
47,38,B
89,27,B
24,68,B
79,74,A
10,14,C
94,100,A
39,36,C
85,34,B
84,61,A
68,65,B
82,30,B
65,81,A
100,25,B
58,67,B
59,66,B
66,26,B
80,72,A
55,17,C
67,14,B
89,25,B
32,70,B
34,60,B
76,65,A
13,58,C
67,80,A
78,34,B
55,20,C
94,55,A
88,84,A
76,60,B
89,60,A
83,21,B
64,96,A
83,57,A
87,67,A
35,25,C
46,96,A
78,29,B
31,70,B
26,65,B
71,43,B
27,25,C
47,32,C
63,67,B
40,91,B
36,72,B
13,73,B
85,34,B
26,56,B
19,14,C
68,36,B
63,24,B
21,10,C
21,98,B
16,83,B
85,15,B
63,61,B
24,18,C
23,16,C
84,96,A
36,94,B
36,92,B
70,89,A
22,20,C
72,96,A
60,53,B
64,10,C
43,70,B
99,35,B
60,13,C
72,39,B
91,71,A
43,86,B
45,77,B
23,100,B
30,27,C
62,62,B
14,13,C
22,21,C
26,32,C
76,100,A
52,31,B
43,49,B
83,100,A
100,65,A
34,34,C
99,62,A
69,25,B
44,64,B
42,23,C
33,86,B
83,18,B
24,81,B
31,43,C
32,41,C
69,29,B
70,79,A
13,73,B
89,36,B
90,82,A
61,78,B
100,97,A
32,36,C
84,86,A
83,65,A
81,54,B
12,77,B
89,49,B
77,47,B
40,15,C
65,13,C
24,59,B
18,14,C
13,92,B
21,11,C
31,73,B
66,75,A
28,60,B
17,60,C
35,87,B
13,60,C
88,89,A
10,18,C
73,47,B
42,29,C
52,23,C
51,33,B
76,29,B
38,80,B
75,66,A
57,21,C
97,22,B
79,44,B
80,41,B
11,53,C
75,37,B
22,22,C
80,68,A
33,53,B
34,19,C
84,40,B
95,58,A
17,18,C
76,99,A
18,17,C
38,98,B
94,85,A
42,31,C
58,23,B
81,81,A
42,57,B
63,87,A
50,22,C
67,31,B
93,99,A
36,63,B
41,75,B
18,48,C
70,25,B
80,83,A
12,59,C
27,74,B
74,61,B
92,89,A
91,69,A
95,90,A
25,70,B
65,42,B
94,74,A
47,58,B
20,34,C
97,70,A
99,35,B
63,18,B
36,69,B
61,58,B
20,89,B
12,93,B
15,37,C
100,100,A
49,53,B
83,88,A
31,60,B
12,89,B
11,53,C
10,62,C
34,87,B
57,75,B
90,72,A
47,62,B
60,68,B
86,51,B
22,55,C
89,69,A
92,72,A
62,60,B
42,68,B
36,87,B
72,69,A
55,52,B
45,99,A
42,67,B
79,22,B
59,44,B
33,42,C
54,69,B
13,70,B
31,17,C
95,87,A
16,49,C
20,31,C
17,98,B
25,46,C
26,45,C
28,45,C
36,36,C
36,79,B
98,36,B
77,18,B
22,82,B
99,61,A
58,43,B
59,43,B
21,76,B
34,11,C
99,76,A
67,96,A
23,97,B
11,11,C
36,25,C
97,34,B
71,85,A
50,46,B
52,100,A
94,43,B
29,51,B
97,42,B
77,96,A
24,28,C
86,97,A
31,67,B
61,46,B
68,72,A
52,27,C
27,73,B
78,74,A
82,82,A
30,84,B
96,98,A
92,92,A
86,73,A
94,72,A
80,22,B
76,55,B
34,84,B
20,85,B
89,98,A
55,12,C
99,92,A
34,100,B
34,32,C
21,15,C
29,57,B
56,51,B
16,67,B
44,65,B
25,93,B
44,80,B
15,73,B
11,76,B
51,94,A
76,94,A
47,55,B
40,50,B
61,19,B
86,21,B
71,31,B
96,99,A
31,15,C
69,44,B
26,17,C
56,62,B
28,26,C
27,44,C
86,39,B
18,31,C
14,54,C
75,43,B
50,12,C
89,53,A
57,39,B
60,54,B
14,47,C
79,80,A
57,78,B
65,67,B
93,73,A
53,49,B
82,88,A
68,34,B
20,31,C
31,36,C
30,48,C
14,77,B
66,15,B
33,63,B
43,81,B
49,46,B
84,70,A
45,23,C
33,74,B
38,44,B
64,21,B
64,94,A
52,32,B
55,78,B
99,32,B
96,75,A
63,17,B
12,36,C
77,91,A
17,73,B
25,44,C
82,53,B
12,56,C
79,99,A
98,91,A
87,40,B
100,31,B
84,20,B
35,52,B
59,73,B
91,65,A
40,40,B
31,81,B
13,67,B
27,75,B
68,80,A
92,72,A
24,36,C
26,60,B
25,70,B
13,47,C
60,95,A
82,13,B
24,65,B
49,76,B
24,41,C
17,36,C
30,38,C
94,63,A
56,37,B
20,50,C
61,27,B
73,22,B
84,82,A
48,11,C
78,19,B
57,36,B
95,53,A
99,98,A
91,41,B
54,78,B
55,81,B
79,52,B
70,51,B
51,61,B
38,33,C
28,60,B
17,27,C
68,34,B
64,14,C
94,44,B
31,99,B
34,25,C
50,97,A
46,68,B
16,29,C
14,77,B
55,28,B
37,48,B
18,81,B
81,19,B
11,44,C
62,41,B
33,73,B
76,70,A
29,95,B
89,47,B
17,88,B
44,89,B
36,38,C
66,31,B
40,15,C
31,42,C
25,24,C
55,21,C
10,10,C
75,56,B
92,87,A
47,72,B
17,98,B
43,71,B
91,87,A
88,35,B
52,68,B
35,86,B
74,60,B
15,14,C
89,89,A
91,88,A
100,21,B
54,37,B
10,80,B
76,84,A
82,48,B
16,19,C
67,98,A
22,49,C
87,57,A
98,87,A
33,86,B
48,89,B
64,48,B
46,83,B
45,74,B
80,15,B
22,80,B
12,68,B
70,21,B
21,81,B
19,84,B
51,91,A
47,14,C
39,98,B
36,16,C
71,63,B
48,78,B
21,27,C
39,72,B
86,64,A
14,12,C
45,14,C
88,28,B
35,40,C
83,95,A
69,26,B
86,17,B
12,32,C
34,50,B
14,94,B
50,18,C
73,16,B
71,73,A
62,87,A
63,59,B
74,46,B
66,17,B
49,15,C
70,30,B
64,33,B
60,19,C
53,70,B
93,36,B
32,43,C
48,85,B
10,24,C
23,73,B
73,80,A
98,47,A
73,59,B
48,68,B
43,51,B
20,75,B
94,30,B
10,10,C
74,11,B
43,35,C
55,85,A
16,63,C
53,19,C
64,22,B
90,53,A
32,53,B
20,70,B
93,21,B
13,68,B
41,91,B
64,52,B
50,34,B
26,62,B
29,51,B
39,50,B
32,56,B
74,31,B
64,10,C
89,61,A
30,36,C
13,89,B
39,71,B
92,20,B
75,23,B
20,87,B
25,51,C
72,88,A
76,39,B
23,10,C
88,10,B
78,94,A
86,60,A
81,12,B
57,67,B
80,55,B
14,36,C
79,44,B
49,97,A
34,84,B
89,76,A
53,70,B
88,62,A
92,10,B
40,93,B
51,10,C
40,24,C
98,53,A
13,72,B
44,60,B
15,71,B
12,42,C
12,50,C
16,50,C
50,19,C
89,58,A
63,92,A
13,99,B
14,78,B
100,89,A
35,46,B
60,61,B
22,85,B
78,17,B
47,86,B
35,40,C
41,11,C
16,47,C
85,60,A
46,86,B
30,34,C
68,100,A
70,61,B
17,79,B
75,83,A
21,44,C
68,94,A
66,87,A
83,96,A
29,41,C
82,19,B
86,52,B
82,77,A
23,54,C
44,78,B
64,17,B
57,89,A
75,31,B
34,63,B
76,95,A
12,12,C
70,33,B
10,81,B
18,77,B
32,69,B
67,45,B
64,59,B
94,38,B
63,61,B
89,67,A
61,46,B
60,78,B
50,24,C
82,71,A
19,89,B
68,10,C
29,73,B
88,97,A
24,40,C
89,93,A
12,85,B
57,24,B
87,96,A
51,53,B
65,29,B
78,93,A
90,96,A
73,100,A
83,30,B
32,92,B
32,22,C
74,64,B
56,45,B
49,41,B
52,74,B
96,83,A
50,49,B
91,52,A
67,59,B
59,30,B
98,89,A
36,39,C
90,81,A
71,43,B
93,24,B
63,50,B
59,97,A
38,58,B
94,32,B
57,45,B
70,46,B
37,45,B
25,22,C
48,49,B
98,42,A
37,99,B
57,32,B
73,77,A
20,99,B
73,25,B
100,54,A
100,58,A
66,19,B
28,45,C
100,46,A
72,47,B
37,20,C
83,60,A
33,10,C
27,62,B
84,63,A
76,79,A
91,70,A
100,94,A
73,38,B
27,80,B
19,18,C
50,21,C
85,96,A
78,60,B
33,40,C
18,80,B
73,96,A
47,56,B
79,97,A
82,87,A
83,78,A
38,74,B
16,57,C
12,73,B
98,44,A
60,80,A
57,87,A
80,60,A
33,45,C
53,98,A
93,80,A
98,90,A
86,75,A
34,36,C
27,12,C
81,76,A
46,94,A
70,40,B
88,49,B
53,17,C
64,17,B
11,18,C
42,52,B
14,16,C
12,71,B
95,90,A
98,57,A
14,76,B
17,40,C
94,15,B
59,73,B
70,80,A
68,11,C
36,65,B
68,12,B
12,90,B
88,100,A
49,80,B
97,43,A
55,74,B
28,42,C
28,54,B
16,50,C
64,20,B
41,42,B
50,50,B
90,76,A
77,44,B
77,97,A
66,50,B
99,26,B
25,93,B
98,44,A
39,51,B
73,52,B
23,61,B
85,47,B
53,69,B
72,58,B
39,29,C
50,48,B
32,13,C
74,65,B
31,56,B
43,37,B
75,66,A
90,21,B
57,27,B
31,44,C
89,98,A
15,50,C
35,78,B
81,74,A
38,79,B
54,48,B
70,96,A
92,83,A
70,35,B
54,23,C
96,83,A
19,85,B
24,23,C
30,76,B
88,59,A
79,78,A
86,20,B
60,66,B
72,60,B
92,68,A
55,47,B
72,99,A
30,27,C
43,17,C
37,100,B
26,89,B
89,85,A
92,34,B
94,69,A
81,18,B
23,22,C
46,77,B
82,35,B
92,43,B
95,58,A
51,71,B
44,68,B
28,90,B
31,56,B
78,20,B
33,30,C
66,37,B
21,81,B
29,45,C
84,47,B
24,17,C
54,78,B
76,30,B
27,99,B
16,86,B
33,32,C
99,41,A
22,36,C
61,100,A
64,58,B
34,48,B
45,58,B
87,10,B
27,94,B
55,77,B
99,74,A
59,94,A
30,59,B
36,72,B
37,83,B
39,94,B
24,58,B
54,68,B
25,47,C
82,68,A
23,69,B
61,54,B
29,57,B
46,40,B
96,18,B
72,13,B
33,50,B
61,46,B
50,51,B
10,95,B
84,48,B
94,81,A
90,54,A
90,86,A
74,85,A
30,25,C
96,67,A
13,26,C
57,91,A
71,10,B
31,94,B
55,100,A
42,82,B
21,74,B
64,78,A
59,79,B
90,91,A
62,38,B
19,87,B
58,24,B
59,30,B
38,89,B
66,81,A
34,80,B
52,54,B
62,77,B
69,14,B
25,12,C
30,95,B
87,61,A
34,19,C
78,67,A
98,45,A
18,72,B
46,46,B
91,79,A
95,89,A
34,86,B
77,20,B
44,11,C
40,47,B
83,18,B
54,42,B
14,31,C
74,38,B
37,77,B
98,70,A
16,71,B
59,31,B
67,45,B
64,28,B
56,72,B
66,84,A
98,72,A
57,59,B
19,92,B
51,54,B
99,67,A
69,43,B
14,12,C
25,55,B
18,52,C
29,78,B
69,85,A
75,55,B
73,76,A
96,76,A
99,73,A
12,89,B
100,94,A
39,59,B
13,75,B
57,39,B
14,82,B
73,56,B
98,55,A
90,50,A
34,39,C
12,85,B
27,67,B
49,65,B
33,51,B
53,28,B
96,61,A
19,24,C
100,71,A
85,34,B
87,30,B
71,72,A
61,70,B
16,89,B
72,81,A
65,28,B
32,41,C
48,39,B
20,18,C
87,30,B
65,54,B
70,83,A
78,37,B
51,66,B
35,78,B
32,12,C
84,75,A
10,69,C
54,46,B
59,22,B
10,43,C
48,82,B
37,63,B
49,86,B
20,54,C
76,44,B
22,23,C
29,25,C
84,60,A
15,15,C
81,71,A
53,35,B
76,13,B
30,76,B
93,41,B
75,72,A
62,32,B
41,60,B
87,33,B
35,73,B
94,26,B
31,69,B
24,59,B
78,34,B
29,83,B
81,96,A
15,46,C
51,97,A
46,42,B
97,47,A
32,80,B
78,100,A
54,54,B
53,26,C
54,56,B
59,98,A
38,83,B
39,83,B
26,44,C
84,69,A
34,52,B
75,100,A
40,12,C
37,54,B
20,44,C
63,26,B
10,31,C
60,62,B
21,64,B
33,45,C
46,91,B
72,79,A
85,87,A
42,69,B
41,84,B
72,25,B
23,20,C
96,94,A
14,89,B
24,37,C
61,39,B
68,16,B
25,30,C
27,59,B
32,59,B
19,68,B
66,94,A
69,64,B
14,47,C
81,58,B
71,37,B
35,55,B
69,92,A
86,25,B
77,95,A
46,53,B
71,34,B
34,45,C
100,10,B
92,46,B
88,62,A
95,82,A
75,39,B
97,49,A
47,83,B
91,93,A
11,99,B
97,39,B
76,16,B
65,69,B
37,97,B
69,74,A
16,33,C
53,42,B
50,49,B
61,96,A
47,93,A
100,55,A
71,24,B
34,47,B
83,97,A
24,25,C
19,75,B
92,14,B
95,63,A
42,78,B
58,82,A
56,31,B
84,85,A
94,27,B
30,35,C
75,96,A
52,92,A
76,53,B
61,17,C
54,87,A
26,37,C
38,64,B
22,93,B
92,56,A
51,27,C
27,24,C
76,49,B
16,66,B
94,32,B
13,28,C
36,37,C
77,16,B
57,98,A
30,99,B
20,47,C
42,15,C
74,83,A
13,16,C
48,54,B
90,81,A
15,52,C
45,54,B
22,98,B
67,62,B
81,84,A
32,54,B
41,81,B
60,47,B
30,44,C
54,62,B
24,70,B
98,56,A
27,37,C
20,10,C
31,78,B
52,34,B
65,100,A
59,11,C
70,11,B
92,17,B
15,85,B
52,64,B
92,42,B
54,98,A
85,56,A
53,93,A
20,16,C
56,79,B
13,31,C
12,39,C
80,52,B
91,46,B
28,100,B
76,95,A
49,59,B
41,99,A
25,71,B
70,39,B
19,19,C
49,55,B
59,94,A
19,33,C
60,68,B
44,52,B
13,95,B
45,53,B
13,16,C
62,33,B
78,62,A
12,72,B
96,45,A
50,80,B
99,11,B
22,36,C
79,23,B
55,85,A
21,98,B
21,53,C
92,71,A
71,19,B
73,82,A
56,67,B
59,30,B
37,82,B
60,50,B
38,43,B
67,50,B
36,61,B
13,13,C
57,88,A
23,42,C
20,30,C
91,92,A
51,42,B
67,87,A
70,12,B
35,53,B
42,53,B
88,67,A
87,82,A
52,75,B
26,36,C
99,73,A
94,21,B
10,43,C
34,91,B
38,33,C
58,85,A
19,73,B
55,83,B
33,26,C
36,84,B
86,11,B
20,76,B
30,60,B
71,73,A
66,36,B
66,38,B
35,44,C
91,33,B
57,10,C
90,61,A
63,72,B
66,90,A
58,10,C
15,76,B
31,50,B
41,39,B
93,97,A
91,97,A
38,75,B
47,87,B
18,69,B
87,86,A
99,12,B
15,32,C
58,24,B
75,91,A
53,34,B
26,11,C
80,54,B
29,27,C
43,64,B
84,61,A
64,34,B
29,78,B
62,37,B
11,17,C
33,98,B
25,48,C
25,74,B
26,40,C
39,85,B
52,56,B
75,18,B
14,89,B
18,84,B
11,84,B
43,100,A
87,78,A
94,16,B
51,67,B
59,80,B
65,73,B
58,77,B
33,31,C
67,23,B
23,18,C
31,10,C
81,56,B
59,72,B
35,41,C
45,72,B
84,32,B
58,64,B
52,56,B
23,64,B
63,96,A
41,20,C
28,73,B
50,92,A
15,89,B
10,51,C
14,96,B
78,51,B
68,54,B
32,20,C
12,15,C
25,42,C
30,61,B
47,80,B
57,66,B
18,88,B
47,76,B
17,55,C
74,87,A
11,25,C
61,15,C
93,54,A
57,71,B
54,89,A
55,34,B
89,58,A
73,58,B
88,68,A
72,35,B
52,72,B
78,53,B
92,78,A
38,31,C
25,60,B
17,19,C
51,65,B
29,100,B
58,76,B
100,97,A
72,23,B
34,16,C
48,89,B
38,18,C
33,84,B
13,44,C
81,96,A
70,55,B
56,69,B
57,34,B
42,28,C
46,80,B
64,76,A
81,62,A
63,14,C
45,65,B
86,59,A
18,23,C
37,78,B
36,48,B
50,84,B
48,37,B
89,78,A
39,24,C
51,68,B
57,41,B
39,80,B
41,41,B
71,10,B
30,24,C
49,38,B
43,91,B
24,40,C
65,55,B
35,54,B
38,82,B
92,73,A
100,38,B
59,29,B
97,79,A
37,48,B
27,73,B
24,42,C
27,75,B
68,49,B
98,52,A
36,50,B
43,89,B
54,92,A
53,41,B
52,44,B
12,44,C
61,54,B
34,73,B
13,50,C
89,24,B
61,20,B
47,75,B
79,38,B
51,15,C
93,66,A
40,72,B
35,13,C
73,69,A
96,60,A
14,88,B
95,64,A
75,37,B
34,20,C
82,37,B
18,29,C
52,48,B
88,79,A
55,26,B
17,24,C
11,35,C
83,58,A
92,13,B
89,21,B
37,76,B
49,51,B
91,73,A
39,84,B
74,37,B
99,25,B
63,46,B
41,78,B
21,91,B
78,96,A
40,91,B
94,11,B
100,15,B
91,18,B
92,67,A
52,38,B
24,70,B
49,83,B
64,44,B
76,58,B
53,92,A
83,13,B
40,55,B
44,52,B
40,50,B
79,47,B
57,40,B
78,16,B
92,90,A
60,66,B
68,22,B
48,79,B
79,89,A
11,11,C
85,19,B
16,75,B
25,62,B
92,88,A
86,68,A
49,83,B
30,26,C
32,67,B
86,35,B
66,33,B
88,20,B
63,56,B
43,26,C
45,85,B
38,57,B
76,50,B
66,48,B
88,88,A
76,83,A
54,68,B
11,54,C
40,75,B
58,14,C
50,31,B
12,21,C
82,18,B
74,17,B
22,57,C
42,25,C
100,62,A
86,33,B
14,62,C
29,70,B
65,72,B
79,42,B
39,76,B
39,55,B
32,66,B
70,97,A
54,41,B
95,79,A
66,45,B
54,47,B
25,19,C
94,58,A
10,82,B
61,37,B
54,55,B
21,54,C
38,42,B
32,11,C
65,51,B
51,75,B
82,62,A
50,24,C
22,56,C
35,12,C
100,99,A
56,57,B
45,41,B
94,73,A
30,37,C
13,57,C
29,47,C
73,18,B
90,52,A
57,84,A
36,10,C
41,73,B
79,71,A
81,80,A
21,66,B
13,64,C
73,39,B
43,22,C
80,36,B
10,12,C
46,84,B
98,94,A
20,89,B
23,68,B
13,94,B
94,99,A
13,57,C
41,80,B
47,65,B
89,43,B
39,68,B
48,97,A
57,61,B
71,65,B
98,64,A
82,25,B
76,95,A
38,96,B
58,80,B
39,18,C
40,45,B
58,56,B
29,89,B
77,87,A
71,24,B
74,71,A
38,84,B
40,60,B
96,21,B
94,69,A
78,22,B
45,59,B
98,45,A
86,64,A
70,11,B
35,97,B
16,72,B
46,83,B
60,32,B
66,57,B
67,88,A
28,26,C
19,94,B
80,90,A
55,57,B
84,18,B
17,26,C
63,79,A
77,33,B
53,46,B
73,41,B
92,78,A
53,29,B
66,98,A
23,88,B
55,56,B
22,46,C
70,84,A
100,35,B
43,90,B
95,20,B
34,28,C
48,40,B
92,74,A
87,31,B
71,44,B
60,48,B
85,46,B
52,28,B
42,63,B
70,77,A
62,29,B
70,95,A
99,36,B
48,84,B
72,19,B
64,24,B
65,78,A
38,88,B
47,97,A
58,90,A
21,29,C
59,51,B
29,34,C
13,14,C
12,85,B
62,14,C
85,68,A
32,17,C
74,42,B
32,11,C
89,85,A
55,25,B
65,30,B
100,33,B
71,46,B
53,25,C
40,25,C
50,59,B
55,81,B
35,32,C
20,23,C
27,22,C
40,21,C
63,57,B
50,28,C
100,19,B
78,43,B
58,64,B
83,84,A
58,73,B
36,56,B
75,60,B
19,72,B
87,47,B
79,36,B
43,85,B
81,38,B
95,31,B
19,34,C
84,97,A
74,68,A
56,73,B
17,53,C
34,62,B
60,80,A
49,47,B
48,50,B
25,26,C
54,54,B
99,72,A
45,36,B
53,87,A
56,94,A
58,21,C
74,94,A
82,26,B
91,10,B
91,83,A
28,73,B
55,49,B
41,100,A
90,57,A
12,36,C
72,45,B
26,37,C
46,41,B
45,45,B
29,18,C
71,91,A
81,64,A
39,29,C
75,28,B
12,95,B
87,20,B
25,74,B
51,80,B
64,92,A
78,37,B
32,30,C
31,28,C
22,44,C
63,52,B
67,78,A
74,18,B
10,80,B
77,38,B
34,22,C
17,19,C
83,49,B
45,21,C
62,67,B
94,10,B
19,62,B
13,14,C
80,10,B
54,93,A
46,79,B
85,93,A
22,39,C
79,82,A
60,93,A
67,83,A
94,11,B
86,47,B
45,83,B
47,46,B
45,67,B
26,88,B
17,30,C
94,72,A
44,16,C
14,96,B
72,17,B
61,58,B
42,57,B
60,63,B
80,43,B
98,80,A
64,67,B
30,13,C
26,87,B
86,43,B
76,40,B
74,89,A
80,11,B
43,23,C
62,27,B
46,36,B
45,20,C
30,47,C
81,69,A
52,43,B
81,18,B
17,38,C
11,87,B
51,41,B
12,65,C
39,85,B
58,58,B
69,99,A
35,64,B
27,44,C
88,41,B
25,51,C
91,49,A
43,54,B
31,92,B
71,76,A
75,95,A
33,58,B
42,72,B
72,34,B
13,20,C
72,66,B
65,77,A
88,58,A
54,77,B
29,60,B
44,12,C
77,100,A
54,17,C
75,69,A
90,64,A
68,100,A
43,35,C
99,34,B
17,29,C
90,81,A
40,86,B
50,25,C
45,98,A
90,85,A
88,16,B
68,91,A
82,52,B
46,60,B
51,25,C
76,36,B
95,17,B
18,89,B
22,79,B
67,57,B
19,45,C
21,93,B
34,38,C
24,54,C
94,43,B
59,60,B
21,57,C
58,30,B
81,35,B
95,28,B
88,23,B
30,27,C
50,81,B
57,47,B
34,13,C
31,56,B
92,33,B
64,39,B
72,17,B
89,50,B
44,99,A
81,47,B
26,85,B
92,98,A
82,98,A
27,51,C
16,76,B
72,53,B
80,92,A
23,10,C
31,76,B
76,96,A
74,57,B
19,78,B
33,20,C
99,50,A
58,37,B
77,46,B
75,74,A
15,81,B
92,82,A
99,30,B
66,90,A
56,92,A
95,46,A
22,32,C
36,39,C
28,96,B
13,78,B
85,33,B
74,45,B
86,54,A
48,36,B
21,86,B
77,88,A
78,77,A
22,69,B
99,49,A
65,38,B
27,38,C
14,93,B
13,71,B
72,26,B
39,18,C
99,64,A
97,30,B
67,61,B
31,15,C
81,55,B
25,29,C
58,55,B
72,33,B
32,13,C
91,22,B
67,47,B
66,48,B
84,89,A
82,61,A
18,77,B
58,61,B
27,73,B
89,38,B
39,46,B
24,39,C
30,31,C
17,30,C
81,26,B
94,19,B
42,25,C
80,46,B
81,20,B
24,62,B
13,90,B
34,89,B
14,76,B
72,28,B
49,77,B
69,32,B
100,63,A
72,61,B
21,20,C
86,38,B
98,51,A
64,20,B
25,84,B
35,91,B
61,59,B
44,95,B
12,89,B
56,49,B
85,83,A
54,79,B
14,83,B
98,25,B
13,51,C
38,90,B
14,75,B
43,43,B
99,36,B
64,42,B
67,12,C
23,99,B
89,60,A
99,21,B
17,22,C
46,37,B
24,91,B
99,47,A
29,43,C
42,21,C
24,19,C
70,94,A
69,21,B
72,19,B
51,31,B
27,24,C
11,15,C
69,36,B
30,17,C
36,41,C
65,19,B
67,10,C
66,87,A
38,82,B
45,72,B
58,83,A
79,15,B
85,44,B
29,86,B
85,73,A
93,48,A
27,88,B
62,84,A
59,43,B
100,32,B
25,10,C
21,56,C
46,27,C
17,70,B
29,82,B
38,45,B
36,36,C
99,82,A
36,52,B
92,11,B
98,73,A
54,73,B
53,79,B
82,15,B
41,68,B
22,89,B
29,27,C
35,31,C
93,20,B
67,100,A
25,14,C
60,16,C
72,45,B
62,10,C
31,25,C
86,46,B
56,29,B
60,63,B
70,57,B
70,34,B
13,24,C
37,92,B
21,23,C
10,36,C
33,32,C
55,52,B
53,62,B
99,89,A
25,35,C
28,73,B
40,26,C
56,24,B
92,58,A
27,16,C
28,60,B
52,88,A
91,90,A
11,41,C
87,91,A
35,42,C
94,61,A
29,90,B
29,68,B
67,57,B
14,68,B
12,31,C
34,70,B
47,30,C
87,84,A
77,17,B
57,34,B
80,70,A
20,60,B
81,93,A
66,35,B
24,79,B
99,74,A
59,42,B
92,11,B
19,23,C
67,100,A
65,22,B
93,14,B
65,12,C
80,32,B
46,73,B
58,42,B
75,17,B
70,50,B
90,31,B
92,36,B
71,71,A
52,47,B
55,76,B
29,100,B
67,28,B
12,60,C
58,78,B
53,59,B
71,68,B
69,15,B
63,14,C
55,47,B
13,37,C
47,69,B
95,38,B
77,70,A
21,89,B
53,42,B
13,17,C
77,97,A
27,14,C
29,87,B
79,71,A
84,39,B
69,99,A
97,20,B
21,14,C
53,14,C
96,30,B
62,35,B
81,68,A
16,61,C
31,91,B
32,76,B
65,87,A
68,44,B
80,17,B
37,21,C
91,63,A
43,11,C
27,67,B
80,80,A
92,71,A
37,70,B
83,31,B
67,68,B
49,48,B
90,20,B
25,61,B
54,10,C
13,10,C
25,79,B
97,67,A
46,38,B
87,59,A
30,75,B
29,40,C
81,84,A
59,56,B
77,21,B
34,29,C
80,62,A
27,46,C
10,84,B
87,27,B
66,69,B
82,46,B
14,76,B
62,43,B
72,95,A
78,93,A
80,70,A
69,40,B
12,57,C
33,59,B
89,70,A
61,61,B
25,40,C
65,48,B
42,71,B
23,73,B
85,97,A
15,88,B
97,59,A
36,72,B
67,39,B
76,93,A
52,81,B
68,14,B
35,71,B
92,31,B
42,65,B
44,13,C
33,59,B
37,63,B
59,29,B
11,11,C
96,42,B
21,42,C
22,43,C
38,26,C
78,53,B
26,52,C
55,53,B
15,81,B
97,96,A
77,17,B
95,35,B
29,69,B
68,59,B
50,58,B
88,16,B
27,26,C
50,64,B
62,20,B
83,51,B
64,18,B
24,31,C
10,93,B
16,64,B
72,49,B
52,36,B
39,40,C
93,73,A
69,75,A
67,35,B
56,33,B
11,45,C
24,43,C
80,64,A
10,99,B
74,26,B
85,10,B
58,38,B
60,64,B
85,64,A
75,73,A
48,10,C
33,99,B
79,82,A
82,72,A
40,57,B
18,42,C
59,26,B
56,73,B
46,92,B
82,65,A
99,65,A
32,67,B
71,86,A
21,77,B
96,36,B
16,36,C
69,71,A
46,78,B
50,73,B
24,84,B
28,40,C
18,90,B
41,55,B
61,41,B
79,27,B
80,79,A
70,97,A
96,53,A
65,46,B
78,61,B
22,57,C
97,98,A
69,72,A
33,43,C
50,51,B
34,20,C
92,97,A
13,28,C
12,12,C
100,92,A
59,87,A
80,28,B
92,57,A
69,57,B
29,73,B
77,77,A
86,70,A
37,96,B
99,63,A
70,100,A
55,76,B
71,19,B
50,42,B
40,83,B
69,55,B
37,28,C
56,12,C
63,11,C
77,82,A
93,43,B
94,47,A
32,96,B
30,55,B
72,83,A
57,45,B
57,40,B
67,33,B
30,27,C
54,62,B
28,90,B
39,63,B
80,44,B
50,41,B
54,23,C
57,59,B
51,44,B
88,78,A
66,71,B
85,53,B
45,19,C
86,100,A
67,45,B
83,78,A
45,39,B
57,62,B
24,66,B
43,81,B
45,97,A
29,10,C
56,95,A
50,93,A
70,29,B
46,16,C
60,71,B
37,63,B
37,39,C
65,19,B
37,86,B
40,92,B
15,67,B
53,40,B
62,39,B
34,74,B
90,66,A
57,41,B
43,88,B
10,20,C
82,18,B
10,60,C
28,67,B
50,15,C
72,27,B
46,37,B
41,71,B
53,14,C
25,17,C
29,42,C
89,87,A
25,59,B
65,23,B
63,64,B
24,42,C
88,32,B
52,96,A
68,99,A
33,80,B
44,21,C
85,63,A
34,45,C
67,47,B
97,44,A
83,80,A
58,67,B
20,25,C
82,22,B
70,58,B
79,35,B
56,32,B
42,63,B
93,38,B
38,29,C
29,11,C
28,95,B
30,30,C
26,34,C
94,43,B
60,18,C
34,11,C
72,14,B
95,71,A
78,80,A
98,18,B
68,97,A
47,27,C
27,54,B
94,41,B
80,34,B
46,95,A
86,53,B
57,63,B
84,26,B
24,54,C
100,69,A
89,97,A
31,88,B
26,15,C
31,22,C
18,85,B
94,24,B
82,74,A
46,37,B
37,89,B
23,11,C
95,36,B
96,96,A
33,61,B
79,96,A
85,80,A
49,88,B
28,11,C
27,52,C
50,58,B
18,78,B
24,58,B
79,55,B
98,69,A
11,17,C
60,74,B
96,73,A
31,18,C
32,55,B
60,59,B
13,99,B
79,29,B
41,22,C
63,50,B
21,93,B
44,80,B
52,22,C
20,96,B
60,59,B
99,13,B
90,14,B
60,92,A
75,80,A
56,26,B
67,15,B
98,41,B
100,20,B
26,79,B
71,51,B
69,81,A
93,52,A
22,24,C
96,33,B
26,54,B
45,10,C
70,99,A
98,44,A
62,99,A
39,23,C
78,60,B
47,69,B
43,86,B
80,56,B
94,26,B
30,75,B
13,98,B
61,12,C
47,30,C
57,70,B
80,46,B
32,46,C
75,59,B
91,18,B
12,28,C
53,47,B
70,10,B
43,98,A
89,46,B
14,22,C
58,81,B
38,19,C
54,90,A
54,73,B
67,96,A
63,93,A
82,93,A
35,53,B
77,14,B
60,70,B
15,25,C
55,25,B
47,87,B
71,58,B
13,24,C
29,76,B
36,52,B
52,95,A
40,55,B
31,42,C
68,60,B
12,39,C
54,42,B
71,76,A
11,93,B
62,77,B
21,87,B
10,33,C
32,70,B
14,67,B
65,20,B
90,62,A
13,51,C
11,39,C
77,62,B
64,68,B
36,25,C
97,48,A
90,45,B
36,100,B
52,78,B
50,14,C
31,64,B
23,78,B
47,58,B
32,81,B
50,61,B
87,41,B
54,78,B
16,64,B
61,85,A
67,83,A
66,71,B
89,59,A
62,25,B
49,20,C
59,54,B
36,51,B
12,82,B
23,29,C
73,48,B
93,53,A
68,100,A
100,26,B
76,67,A
42,37,C
60,93,A
71,54,B
77,51,B
16,13,C
23,97,B
86,84,A
52,12,C
73,45,B
70,75,A
78,41,B
66,81,A
22,14,C
38,95,B
26,84,B
47,70,B
13,43,C
40,96,B
84,14,B
43,90,B
49,92,A
97,47,A
78,80,A
40,59,B
97,62,A
93,41,B
41,97,B
97,39,B
86,41,B
23,25,C
96,43,B
100,17,B
34,15,C
28,100,B
19,57,C
72,83,A
33,85,B
25,23,C
91,79,A
25,25,C
41,38,C
68,16,B
69,56,B
75,54,B
57,63,B
40,72,B
27,57,B
63,31,B
44,83,B
26,58,B
17,41,C
93,36,B
21,26,C
45,77,B
91,71,A
27,73,B
53,68,B
14,32,C
74,17,B
44,91,B
78,91,A
83,60,A
98,34,B
86,57,A
98,58,A
59,62,B
93,24,B
33,40,C
85,10,B
43,76,B
100,96,A
53,11,C
21,75,B
49,35,B
92,95,A
65,57,B
27,65,B
55,64,B
47,67,B
49,99,A
28,51,C
62,73,B
77,26,B
23,50,C
61,43,B
50,73,B
35,27,C
67,95,A
64,15,C
82,24,B
91,31,B
54,50,B
10,55,C
99,23,B
46,31,C
92,41,B
10,78,B
14,21,C
28,75,B
76,74,A
22,75,B
79,26,B
53,85,B
67,18,B
92,96,A
84,58,A
95,14,B
64,63,B
39,16,C
47,43,B
83,52,B
89,82,A
22,43,C
14,40,C
72,52,B
39,41,B
10,51,C
48,49,B
37,64,B
26,93,B
87,60,A
24,75,B
54,20,C
96,61,A
96,70,A
34,95,B
57,23,B
81,70,A
99,81,A
76,59,B
78,30,B
72,31,B
18,93,B
15,90,B
83,38,B
92,23,B
99,80,A
10,14,C
95,28,B
23,49,C
44,68,B
10,92,B
77,22,B
23,61,B
94,70,A
43,50,B
60,33,B
88,98,A
13,73,B
51,25,C
12,44,C
67,96,A
40,52,B
30,41,C
11,93,B
91,90,A
34,73,B
85,27,B
53,93,A
92,99,A
20,77,B
93,59,A
61,27,B
33,95,B
27,77,B
34,26,C
16,47,C
20,57,C
56,74,B
29,18,C
73,63,B
74,52,B
83,40,B
90,65,A
82,85,A
93,52,A
23,64,B
15,87,B
18,41,C
46,13,C
16,72,B
26,33,C
85,98,A
87,62,A
90,50,A
72,61,B
59,42,B
33,81,B
27,64,B
36,18,C
83,71,A
50,89,B
74,41,B
85,52,B
32,44,C
79,47,B
42,50,B
85,43,B
20,54,C
84,42,B
20,77,B
54,72,B
90,82,A
81,17,B
43,11,C
54,48,B
40,96,B
47,42,B
44,15,C
13,22,C
62,39,B
35,90,B
25,93,B
95,27,B
89,15,B
84,74,A
44,43,B
36,27,C
80,50,B
33,79,B
75,79,A
13,95,B
63,92,A
62,83,A
11,69,B
39,60,B
100,41,A
70,60,B
75,64,B
86,76,A
85,95,A
19,28,C
16,11,C
72,21,B
20,72,B
48,22,C
40,18,C
96,34,B
13,92,B
46,99,A
99,87,A
66,96,A
75,53,B
34,77,B
44,82,B
28,46,C
62,31,B
73,26,B
91,51,A
53,46,B
63,25,B
62,74,B
18,52,C
26,71,B
37,25,C
89,17,B
54,38,B
60,84,A
86,98,A
68,98,A
51,78,B
24,20,C
51,46,B
44,61,B
24,87,B
36,79,B
65,54,B
17,13,C
26,54,B
27,56,B
100,60,A
45,99,A
80,64,A
92,85,A
47,61,B
70,74,A
89,18,B
75,45,B
84,43,B
70,36,B
81,94,A
88,84,A
48,50,B
36,22,C
31,66,B
80,95,A
53,78,B
26,11,C
81,11,B
16,93,B
81,47,B
44,17,C
71,46,B
82,63,A
44,47,B
86,22,B
38,52,B
34,51,B
39,74,B
83,70,A
24,72,B
74,93,A
56,27,B
53,11,C
55,45,B
84,22,B
92,94,A
28,60,B
15,88,B
23,50,C
87,25,B
80,75,A
26,29,C
94,66,A
54,74,B
68,53,B
13,96,B
45,60,B
97,75,A
79,42,B
34,60,B
51,100,A
26,12,C
32,58,B
37,61,B
27,42,C
33,37,C
74,98,A
97,100,A
74,93,A
77,18,B
73,43,B
97,38,B
15,93,B
75,23,B
95,10,B
28,76,B
10,71,B
74,23,B
24,17,C
11,38,C
55,56,B
50,95,A
10,88,B
49,53,B
88,97,A
54,87,A
29,36,C
94,84,A
100,21,B
75,68,A
15,80,B
67,48,B
71,17,B
16,91,B
52,87,B
94,62,A
45,53,B
17,17,C
75,32,B
16,32,C
36,82,B
70,80,A
75,99,A
34,86,B
13,85,B
30,40,C
88,27,B
48,61,B
35,84,B
60,75,B
11,30,C
70,70,A
84,63,A
27,36,C
97,76,A
14,43,C
79,13,B
23,72,B
92,31,B
74,29,B
61,33,B
47,47,B
42,47,B
37,94,B
99,22,B
87,33,B
91,46,B
58,95,A
33,24,C
43,11,C
58,19,C
12,37,C
38,79,B
96,46,A
91,17,B
91,28,B
33,45,C
13,23,C
10,72,B
36,34,C
16,50,C
24,16,C
49,85,B
81,39,B
81,16,B
93,17,B
49,83,B
96,79,A
59,95,A
73,73,A
32,71,B
12,46,C
72,63,B
22,45,C
26,50,C
43,64,B
24,67,B
83,71,A
39,60,B
50,79,B
47,22,C
84,64,A
83,71,A
37,61,B
19,45,C
26,20,C
67,38,B
61,26,B
42,97,B
18,60,C
35,42,C
51,52,B
44,71,B
54,24,C
17,26,C
94,76,A
85,87,A
11,19,C
28,92,B
48,58,B
10,12,C
48,88,B
33,23,C
69,11,B
39,93,B
57,97,A
68,51,B
84,45,B
75,72,A
72,99,A
82,64,A
67,28,B
46,19,C
100,62,A
62,30,B
11,55,C
46,24,C
16,44,C
15,42,C
72,54,B
70,52,B
84,72,A
37,61,B
76,45,B
49,35,B
42,99,A
56,98,A
11,88,B
11,17,C
49,73,B
15,20,C
73,85,A
94,29,B
66,86,A
84,62,A
22,61,B
11,84,B
89,95,A
69,80,A
86,40,B
89,24,B
99,75,A
27,81,B
85,13,B
25,94,B
11,100,B
58,87,A
23,62,B
94,71,A
31,68,B
69,13,B
46,65,B
85,59,A
69,23,B
86,99,A
39,90,B
67,98,A
57,49,B
48,92,A
33,85,B
39,99,B
52,37,B
85,43,B
34,55,B
22,56,C
53,53,B
64,54,B
69,83,A
87,21,B
54,75,B
78,92,A
62,73,B
94,21,B
32,36,C
23,54,C
93,27,B
33,90,B
19,58,C
91,90,A
60,13,C
83,68,A
11,54,C
82,47,B
50,85,B
34,15,C
95,78,A
25,12,C
32,38,C
49,80,B
73,51,B
24,95,B
82,82,A
72,69,A
45,56,B
73,63,B
28,25,C
78,90,A
12,66,C
84,67,A
98,35,B
63,44,B
31,85,B
52,77,B
40,53,B
70,97,A
27,94,B
19,31,C
73,37,B
84,18,B
49,30,C
55,37,B
11,77,B
100,28,B
16,28,C
96,71,A
80,52,B
27,92,B
21,87,B
46,72,B
65,33,B
95,58,A
31,88,B
25,23,C
65,20,B
72,45,B
76,56,B
64,85,A
38,97,B
65,83,A
34,58,B
89,42,B
39,59,B
15,96,B
62,72,B
22,27,C
98,47,A
53,58,B
51,36,B
69,84,A
80,41,B
71,47,B
84,72,A
90,37,B
17,59,C
25,30,C
75,100,A
50,52,B
69,71,A
16,46,C
40,80,B
93,91,A
35,76,B
22,11,C
54,49,B
16,15,C
44,76,B
70,61,B
94,57,A
33,11,C
40,53,B
14,84,B
20,30,C
88,34,B
98,86,A
84,12,B
49,69,B
49,62,B
85,52,B
63,27,B
98,65,A
32,18,C
84,23,B
12,81,B
80,46,B
92,85,A
95,43,B
73,87,A
27,83,B
36,18,C
39,49,B
28,74,B
42,32,C
36,70,B
30,10,C
71,30,B
47,51,B
85,65,A
91,97,A
47,96,A
93,21,B
73,51,B
68,37,B
57,35,B
94,72,A
25,20,C
38,58,B
34,86,B
54,89,A
55,92,A
85,80,A
68,18,B
46,24,C
62,82,A
19,50,C
47,74,B
29,65,B
58,44,B
32,29,C
15,42,C
94,32,B
100,67,A
53,17,C
37,10,C
85,20,B
34,84,B
49,13,C
25,94,B
10,65,C
56,88,A
99,22,B
60,43,B
55,89,A
48,40,B
21,11,C
44,29,C
25,88,B
49,81,B
25,25,C
84,26,B
94,58,A
53,34,B
22,78,B
85,91,A
42,25,C
40,38,C
66,50,B
44,14,C
30,92,B
89,14,B
19,24,C
71,74,A
91,16,B
80,66,A
91,40,B
38,16,C
24,68,B
37,89,B
53,12,C
11,19,C
83,67,A
56,56,B
99,92,A
83,81,A
88,35,B
92,13,B
17,94,B
97,34,B
97,97,A
96,31,B
19,76,B
67,63,B
40,90,B
58,74,B
45,96,A
58,85,A
63,31,B
93,97,A
79,12,B
22,39,C
16,40,C
38,29,C
17,16,C
63,25,B
52,33,B
32,100,B
10,10,C
82,28,B
25,99,B
68,16,B
43,84,B
32,88,B
52,61,B
77,15,B
25,14,C
58,100,A
94,58,A
19,55,C
55,50,B
57,85,A
65,49,B
89,92,A
19,40,C
20,60,B
34,88,B
89,26,B
18,100,B
77,45,B
88,87,A
82,44,B
53,73,B
91,69,A
38,41,C
32,95,B
17,63,B
89,56,A
37,100,B
36,19,C
72,100,A
56,70,B
22,74,B
76,76,A
27,58,B
29,95,B
36,75,B
49,17,C
21,97,B
52,84,B
79,59,B
90,64,A
46,98,A
10,76,B
85,84,A
94,28,B
10,41,C
91,12,B
26,59,B
68,94,A
95,60,A
67,41,B
11,15,C
85,77,A
34,11,C
87,87,A
93,57,A
86,70,A
32,15,C
68,69,B
69,85,A
75,63,B
38,34,C
50,90,A
81,72,A
68,100,A
88,52,A
75,80,A
40,10,C
92,21,B
69,93,A
65,62,B
25,83,B
30,68,B
71,17,B
68,86,A
50,52,B
76,82,A
85,28,B
86,35,B
97,99,A
72,31,B
82,30,B
21,40,C
30,93,B
89,79,A
39,42,B
42,56,B
76,74,A
69,18,B
16,94,B
71,43,B
16,59,C
65,32,B
89,70,A
80,85,A
85,67,A
56,63,B
74,21,B
61,27,B
79,66,A
54,27,B
80,58,B
11,75,B
51,82,B
35,42,C
54,89,A
39,35,C
98,69,A
71,37,B
24,16,C
87,90,A
52,40,B
96,99,A
27,89,B
63,83,A
78,74,A
73,43,B
77,63,A
18,37,C
79,97,A
78,85,A
91,19,B
74,46,B
29,60,B
64,28,B
54,74,B
16,92,B
18,30,C
58,80,B
38,62,B
43,82,B
85,21,B
49,41,B
47,58,B
56,89,A
36,98,B
37,51,B
42,61,B
99,91,A
39,57,B
89,73,A
83,37,B
23,70,B
10,31,C
49,68,B
76,21,B
82,67,A
39,94,B
20,48,C
59,63,B
38,67,B
29,64,B
62,28,B
31,92,B
97,52,A
34,64,B
28,98,B
68,85,A
83,95,A
10,32,C
46,36,B
14,17,C
17,88,B
66,47,B
64,24,B
63,37,B
63,20,B
92,98,A
48,95,A
46,42,B
45,12,C
86,77,A
58,64,B
51,60,B
39,11,C
32,86,B
74,64,B
95,36,B
83,74,A
66,87,A
59,96,A
86,38,B
95,23,B
15,67,B
74,44,B
55,34,B
91,66,A
13,29,C
27,22,C
96,48,A
79,66,A
33,60,B
60,85,A
16,35,C
93,67,A
29,14,C
55,26,B
51,95,A
88,98,A
40,66,B
17,15,C
100,21,B
66,77,A
37,56,B
11,96,B
12,78,B
97,18,B
22,71,B
18,38,C
97,83,A
30,48,C
44,39,B
80,88,A
94,60,A
54,61,B
59,78,B
44,76,B
69,38,B
81,85,A
31,75,B
39,72,B
11,100,B
36,91,B
57,13,C
21,41,C
40,17,C
94,35,B
45,57,B
58,83,A
86,82,A
83,67,A
60,85,A
83,60,A
19,16,C
27,96,B
69,14,B
59,24,B
34,45,C
79,96,A
37,78,B
39,71,B
47,58,B
51,42,B
58,50,B
10,76,B
83,74,A
58,63,B
100,95,A
36,72,B
68,99,A
86,67,A
51,38,B
14,91,B
58,88,A
78,45,B
20,69,B
62,43,B
23,35,C
70,68,B
51,81,B
58,72,B
12,93,B
66,33,B
64,18,B
19,28,C
54,24,C
14,20,C
24,64,B
45,28,C
34,30,C
87,49,B
87,12,B
20,11,C
37,37,C
74,81,A
43,75,B
28,24,C
54,82,B
38,40,C
90,88,A
92,20,B
72,14,B
52,90,A
51,55,B
85,72,A
90,69,A
99,75,A
28,96,B
75,21,B
35,11,C
88,32,B
57,25,B
41,64,B
91,96,A
15,23,C
47,80,B
22,93,B
57,16,C
93,92,A
100,93,A
26,63,B
43,22,C
45,66,B
47,71,B
94,84,A
63,84,A
58,30,B
69,91,A
55,87,A
47,22,C
34,99,B
19,34,C
87,57,A
60,91,A
57,44,B
96,95,A
77,97,A
38,49,B
65,95,A
96,72,A
28,66,B
97,81,A
40,80,B
27,47,C
23,21,C
76,15,B
44,57,B
18,14,C
41,20,C
28,72,B
16,13,C
86,20,B
15,92,B
85,69,A
16,95,B
79,14,B
82,43,B
36,73,B
75,93,A
90,74,A
90,97,A
35,38,C
14,91,B
51,48,B
77,71,A
99,74,A
33,50,B
33,81,B
16,71,B
11,13,C
69,92,A
59,19,C
83,62,A
14,68,B
81,63,A
19,78,B
33,50,B
78,29,B
41,85,B
41,100,A
74,85,A
49,86,B
65,27,B
39,34,C
64,45,B
51,18,C
97,20,B
56,80,B
82,64,A
69,63,B
80,63,A
15,29,C
44,99,A
100,23,B
66,45,B
84,88,A
21,29,C
50,53,B
91,60,A
81,55,B
54,58,B
10,95,B
90,70,A
63,30,B
64,48,B
30,70,B
67,32,B
34,66,B
77,99,A
58,11,C
79,98,A
52,52,B
56,64,B
60,80,A
51,98,A
95,89,A
91,64,A
84,11,B
97,74,A
25,48,C
66,93,A
86,49,B
93,75,A
60,59,B
12,20,C
87,46,B
70,73,A
59,58,B
77,75,A
36,33,C
66,74,A
63,95,A
35,95,B
47,30,C
53,29,B
61,79,A
88,12,B
49,28,C
50,28,C
14,97,B
71,96,A
22,81,B
50,85,B
82,15,B
84,46,B
49,65,B
93,74,A
100,86,A
87,42,B
98,13,B
20,57,C
11,37,C
10,31,C
74,45,B
18,67,B
41,73,B
93,65,A
81,68,A
22,67,B
78,15,B
13,96,B
72,44,B
61,93,A
71,41,B
17,56,C
23,40,C
15,30,C
85,93,A
61,98,A
71,72,A
81,85,A
58,80,B
31,91,B
94,70,A
13,94,B
87,26,B
34,95,B
81,68,A
24,71,B
80,14,B
39,65,B
70,78,A
98,75,A
36,85,B
74,87,A
27,77,B
77,88,A
93,21,B
23,47,C
59,88,A
78,60,B
13,64,C
72,25,B
22,14,C
15,66,B
12,93,B
38,71,B
53,68,B
64,50,B
64,46,B
88,40,B
53,100,A
10,91,B
44,29,C
40,96,B
56,55,B
41,92,B
58,82,A
14,19,C
36,21,C
45,88,B
52,35,B
62,47,B
57,39,B
16,61,C
27,69,B
35,39,C
42,41,B
85,73,A
68,99,A
53,68,B
25,20,C
67,92,A
54,71,B
38,94,B
76,29,B
73,30,B
28,66,B
57,68,B
35,87,B
64,61,B
40,86,B
69,33,B
80,37,B
65,44,B
26,43,C
15,39,C
21,30,C
98,13,B
17,50,C
44,48,B
17,57,C
61,51,B
19,16,C
64,36,B
66,83,A
86,94,A
90,84,A
12,63,C
70,94,A
17,60,C
55,11,C
36,10,C
74,47,B
28,39,C
99,21,B
69,30,B
69,65,B
91,93,A
61,57,B
97,71,A
89,50,B
21,68,B
95,69,A
42,36,C
58,94,A
99,45,A
14,53,C
38,89,B
99,65,A
46,96,A
57,66,B
20,23,C
37,10,C
16,49,C
69,17,B
61,47,B
68,73,A
64,70,B
97,66,A
59,92,A
30,32,C
28,24,C
21,52,C
56,94,A
40,21,C
12,87,B
46,48,B
92,19,B
34,57,B
79,24,B
81,81,A
15,82,B
99,50,A
97,75,A
77,98,A
93,43,B
24,64,B
16,61,C
20,100,B
97,94,A
78,81,A
60,81,A
94,56,A
51,69,B
63,14,C
33,95,B
35,16,C
77,54,B
89,57,A
76,24,B
82,55,B
78,64,A
16,98,B
32,64,B
80,42,B
56,80,B
29,83,B
11,87,B
72,35,B
100,56,A
94,83,A
71,80,A
16,38,C
96,22,B
41,88,B
22,98,B
40,57,B
92,20,B
28,81,B
71,36,B
62,41,B
36,60,B
76,25,B
31,59,B
14,92,B
90,89,A
83,100,A
38,31,C
63,49,B
16,17,C
44,79,B
74,100,A
97,28,B
35,29,C
22,89,B
77,78,A
88,41,B
48,77,B
100,43,A
96,41,B
56,45,B
100,17,B
25,100,B
61,21,B
24,40,C
59,15,C
28,97,B
40,98,B
93,11,B
74,18,B
18,32,C
25,34,C
19,85,B
29,65,B
43,86,B
92,14,B
21,48,C
62,31,B
23,19,C
32,93,B
26,41,C
22,35,C
31,97,B
15,90,B
68,85,A
41,41,B
19,40,C
49,83,B
77,73,A
71,96,A
42,66,B
87,36,B
43,61,B
56,38,B
20,33,C
80,83,A
54,42,B
71,52,B
30,43,C
49,56,B
32,30,C
31,88,B
94,57,A
40,48,B
30,92,B
77,62,B
52,51,B
56,26,B
52,59,B
77,66,A
65,74,B
31,62,B
67,49,B
83,45,B
46,27,C
25,65,B
91,83,A
51,55,B
54,33,B
11,74,B
17,43,C
98,87,A
42,72,B
36,62,B
72,80,A
21,76,B
27,81,B
21,24,C
57,51,B
34,58,B
86,30,B
98,91,A
36,93,B
51,93,A
22,63,B
55,48,B
20,92,B
93,56,A
15,66,B
100,58,A
34,14,C
31,82,B
53,56,B
96,79,A
100,47,A
18,95,B
97,15,B
54,94,A
24,74,B
64,59,B
99,31,B
13,52,C
75,48,B
87,63,A
29,50,C
17,14,C
84,81,A
97,98,A
54,49,B
21,23,C
78,35,B
42,89,B
16,100,B
23,41,C
69,96,A
13,61,C
88,95,A
82,66,A
15,75,B
97,74,A
22,96,B
16,83,B
75,100,A
22,64,B
35,39,C
57,52,B
21,92,B
72,10,B
87,63,A
19,51,C
82,42,B
30,42,C
52,88,A
68,36,B
13,23,C
67,82,A
55,71,B
92,51,A
56,26,B
73,50,B
91,39,B
13,82,B
24,19,C
86,59,A
29,51,B
31,55,B
54,29,B
52,88,A
11,18,C
57,99,A
88,10,B
25,64,B
61,30,B
31,51,B
23,73,B
56,90,A
99,51,A
12,38,C
15,97,B
94,39,B
28,83,B
14,34,C
91,45,B
73,69,A
73,41,B
16,76,B
99,20,B
27,74,B
74,28,B
60,80,A
79,98,A
33,86,B
96,44,A
17,81,B
20,38,C
89,25,B
74,86,A
60,55,B
65,53,B
26,12,C
21,50,C
51,18,C
95,91,A
79,49,B
32,20,C
14,74,B
51,75,B
12,31,C
24,50,C
85,35,B
44,92,B
29,32,C
34,29,C
90,99,A
12,100,B
16,53,C
78,40,B
34,73,B
41,78,B
93,93,A
10,32,C
85,53,B
65,97,A
91,80,A
32,84,B
14,54,C
19,64,B
34,79,B
51,32,B
27,99,B
94,50,A
47,71,B
49,36,B
65,84,A
91,41,B
41,59,B
48,28,C
26,64,B
11,71,B
47,21,C
42,61,B
22,44,C
92,37,B
24,93,B
58,91,A
74,18,B
89,100,A
52,64,B
56,72,B
23,93,B
41,69,B
20,19,C
52,28,B
73,24,B
47,94,A
40,64,B
87,32,B
33,65,B
31,73,B
38,40,C
96,95,A
78,10,B
52,11,C
32,42,C
41,40,B
26,55,B
59,40,B
38,67,B
67,90,A
43,42,B
86,32,B
35,27,C
68,90,A
99,80,A
77,20,B
76,11,B
62,49,B
42,56,B
23,29,C
57,91,A
53,30,B
11,89,B
31,72,B
93,56,A
37,19,C
23,50,C
78,81,A
42,82,B
73,28,B
84,34,B
41,98,B
65,47,B
89,35,B
73,67,A
56,52,B
47,92,B
74,88,A
56,67,B
34,32,C
31,66,B
39,85,B
61,59,B
13,53,C
19,92,B
91,99,A
15,97,B
40,88,B
29,76,B
12,87,B
51,83,B
28,43,C
76,27,B
69,71,A
39,29,C
60,52,B
63,60,B
58,73,B
72,96,A
45,17,C
63,25,B
25,46,C
93,88,A
59,19,C
12,48,C
15,89,B
14,19,C
13,56,C
33,91,B
35,12,C
97,78,A
18,30,C
41,34,C
74,98,A
86,74,A
32,24,C
71,65,B
11,65,C
50,30,B
20,83,B
96,71,A
46,51,B
86,55,A
39,46,B
17,88,B
50,99,A
10,99,B
23,79,B
69,76,A
39,43,B
100,88,A
69,28,B
67,38,B
21,77,B
60,82,A
52,44,B
80,78,A
75,23,B
65,98,A
89,93,A
92,17,B
73,75,A
70,69,B
54,40,B
94,83,A
83,75,A
68,35,B
18,73,B
51,69,B
82,41,B
32,76,B
62,15,C
96,29,B
51,47,B
37,27,C
98,26,B
29,87,B
76,72,A
11,31,C
47,11,C
87,35,B
77,64,A
42,57,B
77,45,B
21,15,C
13,68,B
56,28,B
90,98,A
14,44,C
40,31,C
14,59,C
65,72,B
71,86,A
66,48,B
90,16,B
42,87,B
27,97,B
97,97,A
20,91,B
29,37,C
73,26,B
34,47,B
32,39,C
62,11,C
16,51,C
56,86,A
98,27,B
58,68,B
75,73,A
85,98,A
75,30,B
78,81,A
27,24,C
32,53,B
99,20,B
60,48,B
15,73,B
35,47,B
68,54,B
69,94,A
59,23,B
48,18,C
87,86,A
14,42,C
73,10,B
71,85,A
11,77,B
48,55,B
90,79,A
13,97,B
86,56,A
44,56,B
23,22,C
50,96,A
42,68,B
89,49,B
77,51,B
24,85,B
77,97,A
44,47,B
84,86,A
47,74,B
99,36,B
33,19,C
26,20,C
12,91,B
21,41,C
52,80,B
11,82,B
76,30,B
97,75,A
29,89,B
24,50,C
29,65,B
80,28,B
41,42,B
71,64,B
15,65,B
60,26,B
75,46,B
17,96,B
82,90,A
77,24,B
53,50,B
42,10,C
32,62,B
74,60,B
89,87,A
42,27,C
49,32,B
51,45,B
59,17,C
23,31,C
76,93,A
100,40,A
16,45,C
27,42,C
83,37,B
37,75,B
71,18,B
72,26,B
71,98,A
89,85,A
85,49,B
60,28,B
96,12,B
64,96,A
68,69,B
68,55,B
57,92,A
33,64,B
55,24,C
25,52,C
54,69,B
29,51,B
65,34,B
70,31,B
67,68,B
20,31,C
18,85,B
43,68,B
13,37,C
45,81,B
79,40,B
47,88,B
66,36,B
87,69,A
76,63,B
68,58,B
94,24,B
29,77,B
65,52,B
34,62,B
48,29,C
17,70,B
89,46,B
78,59,B
54,57,B
69,75,A
34,54,B
56,77,B
36,10,C
82,27,B
76,11,B
59,92,A
71,45,B
25,12,C
23,25,C
42,59,B
31,20,C
98,40,B
71,46,B
68,83,A
89,78,A
78,52,B
12,86,B
98,67,A
68,32,B
18,87,B
17,29,C
27,22,C
34,77,B
81,66,A
90,17,B
44,44,B
20,29,C
21,24,C
20,14,C
35,74,B
21,43,C
65,69,B
25,96,B
69,21,B
76,64,A
70,31,B
45,68,B
76,14,B
41,78,B
90,80,A
18,15,C
47,89,B
37,86,B
32,75,B
22,41,C
91,73,A
21,50,C
80,44,B
43,35,C
47,24,C
59,88,A
39,94,B
92,81,A
71,39,B
17,38,C
34,94,B
94,89,A
66,84,A
77,83,A
52,58,B
81,73,A
23,70,B
48,70,B
21,45,C
22,79,B
84,85,A
40,16,C
77,100,A
13,22,C
78,58,B
45,92,B
21,38,C
63,80,A
87,15,B
83,86,A
28,20,C
42,46,B
21,82,B
43,94,B
33,81,B
32,91,B
28,40,C
23,94,B
76,44,B
91,51,A
21,35,C
79,62,A
95,58,A
65,53,B
36,63,B
48,64,B
30,85,B
60,67,B
83,100,A
49,21,C
87,91,A
53,68,B
29,70,B
78,12,B
78,85,A
94,69,A
90,69,A
24,72,B
44,42,B
94,90,A
87,55,A
98,60,A
98,62,A
92,81,A
78,31,B
20,31,C
46,77,B
89,44,B
70,73,A
46,81,B
12,92,B
60,37,B
61,10,C
62,46,B
29,27,C
17,96,B
98,98,A
93,93,A
74,54,B
18,51,C
46,43,B
93,41,B
67,64,B
45,57,B
95,36,B
80,69,A
59,81,A
97,82,A
13,75,B
75,79,A
27,31,C
89,56,A
91,87,A
37,93,B
30,25,C
27,63,B
17,76,B
57,28,B
90,41,B
53,15,C
71,27,B
28,25,C
34,48,B
42,86,B
64,35,B
23,77,B
21,41,C
87,77,A
27,43,C
31,84,B
52,16,C
64,24,B
82,74,A
28,82,B
46,98,A
19,33,C
99,49,A
46,19,C
78,91,A
96,23,B
62,28,B
90,89,A
84,62,A
97,18,B
20,96,B
69,59,B
83,22,B
44,48,B
56,77,B
38,71,B
71,38,B
100,29,B
14,81,B
94,95,A
84,17,B
21,93,B
36,70,B
93,76,A
14,61,C
34,30,C
76,36,B
20,50,C
100,33,B
34,32,C
60,25,B
70,72,A
18,97,B
77,90,A
30,78,B
92,15,B
53,13,C
73,51,B
97,18,B
61,29,B
26,53,C
32,98,B
28,51,C
88,17,B
31,33,C
86,72,A
12,92,B
34,59,B
87,14,B
54,28,B
35,89,B
39,32,C
19,17,C
57,27,B
91,25,B
11,73,B
63,75,B
40,46,B
92,79,A
77,75,A
45,87,B
45,48,B
92,36,B
96,35,B
22,25,C
23,67,B
14,28,C
88,91,A
54,78,B
73,15,B
99,64,A
97,24,B
48,92,A
17,93,B
47,81,B
23,96,B
80,35,B
33,72,B
37,60,B
36,40,C
44,26,C
21,98,B
82,76,A
71,10,B
25,16,C
22,46,C
35,54,B
53,20,C
41,11,C
62,29,B
70,26,B
56,99,A
69,11,B
31,70,B
36,69,B
58,93,A
62,14,C
13,86,B
89,60,A
23,57,B
32,46,C
38,29,C
44,48,B
40,40,B
97,73,A
62,47,B
90,82,A
28,57,B
50,83,B
17,35,C
78,12,B
65,48,B
39,44,B
69,18,B
48,74,B
14,52,C
65,26,B
18,44,C
73,75,A
75,54,B
35,13,C
66,97,A
41,19,C
33,62,B
16,21,C
50,18,C
93,91,A
44,21,C
86,53,B
65,12,C
96,69,A
96,83,A
65,86,A
31,70,B
94,19,B
66,65,B
83,13,B
70,80,A
99,82,A
78,63,A
73,53,B
87,95,A
92,87,A
45,87,B
42,69,B
52,80,B
98,67,A
55,84,B
33,32,C
100,89,A
85,59,A
56,10,C
81,49,B
58,86,A
77,88,A
59,90,A
14,66,B
92,17,B
27,83,B
57,21,C
94,81,A
14,66,B
22,16,C
77,81,A
30,14,C
19,50,C
55,30,B
83,31,B
73,39,B
66,81,A
90,65,A
50,69,B
65,92,A
75,36,B
48,32,B
94,45,B
52,25,C
22,98,B
57,40,B
96,10,B
89,26,B
96,29,B
66,13,C
52,56,B
94,28,B
26,15,C
28,58,B
54,47,B
74,96,A
43,94,B
78,93,A
34,47,B
41,30,C
51,19,C
34,61,B
55,71,B
85,22,B
18,69,B
29,48,C
54,76,B
67,90,A
21,36,C
58,74,B
35,60,B
67,57,B
72,96,A
30,11,C
58,81,B
82,71,A
37,14,C
48,18,C
89,16,B
58,42,B
16,83,B
59,17,C
11,34,C
45,41,B
38,14,C
81,96,A
86,90,A
19,66,B
80,17,B
51,11,C
47,25,C
42,96,B
65,60,B
51,36,B
26,84,B
12,96,B
28,12,C
61,91,A
50,74,B
33,54,B
95,46,A
39,53,B
11,67,C
96,82,A
91,40,B
17,53,C
90,67,A
86,61,A
80,92,A
15,71,B
16,15,C
52,43,B
88,72,A
41,21,C
18,51,C
71,77,A
15,42,C
11,31,C
75,57,B
57,97,A
97,10,B
82,73,A
32,38,C
21,27,C
13,83,B
12,89,B
67,14,B
74,37,B
88,65,A
90,50,A
48,95,A
36,11,C
81,93,A
93,36,B
49,79,B
36,40,C
23,94,B
66,96,A
55,48,B
35,10,C
15,16,C
34,63,B
95,60,A
14,94,B
48,67,B
59,75,B
47,57,B
21,25,C
79,80,A
41,52,B
31,93,B
66,74,A
90,64,A
51,60,B
67,44,B
26,24,C
72,90,A
52,19,C
78,36,B
63,82,A
68,28,B
32,75,B
95,51,A
73,47,B
99,79,A
95,39,B
65,55,B
94,41,B
24,97,B
59,30,B
55,80,B
12,31,C
96,47,A
63,14,C
77,42,B
36,43,C
49,16,C
76,96,A
70,61,B
38,30,C
34,39,C
26,44,C
69,30,B
26,99,B
74,17,B
93,72,A
59,16,C
29,71,B
67,32,B
94,68,A
54,27,B
38,74,B
92,61,A
86,81,A
95,35,B
97,19,B
88,18,B
49,64,B
40,36,C
72,72,A
82,69,A
65,19,B
86,90,A
94,17,B
91,13,B
65,14,C
97,30,B
12,44,C
14,35,C
68,78,A
86,68,A
82,56,B
77,50,B
54,42,B
67,69,B
84,98,A
58,73,B
69,58,B
86,64,A
66,62,B
78,41,B
30,68,B
66,41,B
59,47,B
99,57,A
45,91,B
30,63,B
44,58,B
94,43,B
17,61,C
69,94,A
74,89,A
40,79,B
65,24,B
31,82,B
29,70,B
73,34,B
50,65,B
13,13,C
95,71,A
14,79,B
48,58,B
43,45,B
18,57,C
57,16,C
10,88,B
37,43,B
91,44,B
72,34,B
74,10,B
71,73,A
14,22,C
47,17,C
19,55,C
75,50,B
75,64,B
13,46,C
24,57,B
93,85,A
45,69,B
22,33,C
14,73,B
36,90,B
56,80,B
68,42,B
54,52,B
47,97,A
11,18,C
39,50,B
16,44,C
76,52,B
97,31,B
94,34,B
50,32,B
52,41,B
20,89,B
22,29,C
72,28,B
100,89,A
25,75,B
50,25,C
42,90,B
68,41,B
84,14,B
64,12,C
25,100,B
19,59,C
87,89,A
43,66,B
12,88,B
20,40,C
96,38,B
98,16,B
38,17,C
100,94,A
31,71,B
75,56,B
80,82,A
38,47,B
26,12,C
93,58,A
54,12,C
37,64,B
74,96,A
30,33,C
32,11,C
64,19,B
45,33,C
10,35,C
54,46,B
40,84,B
79,27,B
64,59,B
13,95,B
16,62,C
54,42,B
91,47,B
70,97,A
20,69,B
42,10,C
52,100,A
61,51,B
17,93,B
43,16,C
74,84,A
100,21,B
87,47,B
45,68,B
46,84,B
48,100,A
49,13,C
80,21,B
55,47,B
53,45,B
84,78,A
26,52,C
86,37,B
24,55,C
32,15,C
36,48,B
98,59,A
77,47,B
60,66,B
90,23,B
13,13,C
93,54,A
34,96,B
46,35,B
32,31,C
66,37,B
70,35,B
33,45,C
85,23,B
23,16,C
68,71,B
41,55,B
81,72,A
51,89,A
95,16,B
44,63,B
32,39,C
15,83,B
57,83,A
62,87,A
92,65,A
33,86,B
82,69,A
34,25,C
93,81,A
45,19,C
57,69,B
67,83,A
45,70,B
71,66,B
18,93,B
88,79,A
88,75,A
30,46,C
98,72,A
26,40,C
16,54,C
18,19,C
92,14,B
80,22,B
24,69,B
56,77,B
76,56,B
18,25,C
84,72,A
60,18,C
80,96,A
99,82,A
25,42,C
93,94,A
59,83,A
57,39,B
62,83,A
88,48,B
13,24,C
90,30,B
83,66,A
20,57,C
59,86,A
19,12,C
33,50,B
17,82,B
20,67,B
99,43,A
44,15,C
14,51,C
70,25,B
21,16,C
97,36,B
54,87,A
14,100,B
18,93,B
13,68,B
97,68,A
47,95,A
19,15,C
59,31,B
37,32,C
47,29,C
40,88,B
48,60,B
75,97,A
46,79,B
41,93,B
17,60,C
92,96,A
87,30,B
56,94,A
66,13,C
21,36,C
80,60,A
39,94,B
22,98,B
22,28,C
65,17,B
17,25,C
20,62,B
68,42,B
16,98,B
90,51,A
94,22,B
42,62,B
41,28,C
37,70,B
11,64,C
38,70,B
66,19,B
45,20,C
60,74,B
10,70,B
63,23,B
19,14,C
12,62,C
26,73,B
85,92,A
60,42,B
75,83,A
56,57,B
43,42,B
25,41,C
40,61,B
46,89,B
99,74,A
20,47,C
77,81,A
16,45,C
95,94,A
22,18,C
33,88,B
14,39,C
18,14,C
74,21,B
16,98,B
97,30,B
62,42,B
72,24,B
67,28,B
80,42,B
27,56,B
78,49,B
74,63,B
36,22,C
99,80,A
74,96,A
52,100,A
18,92,B
52,11,C
10,25,C
13,85,B
95,76,A
93,30,B
100,74,A
41,46,B
21,68,B
88,33,B
93,41,B
17,34,C
37,28,C
78,52,B
34,79,B
51,20,C
82,80,A
74,78,A
77,84,A
80,31,B
66,90,A
64,85,A
62,97,A
73,74,A
98,60,A
81,85,A
88,57,A
60,10,C
40,67,B
48,80,B
12,65,C
95,69,A
38,81,B
18,10,C
15,93,B
61,100,A
52,100,A
28,75,B
15,93,B
100,18,B
66,66,B
39,33,C
68,25,B
44,95,B
80,84,A
49,44,B
11,27,C
58,25,B
19,56,C
61,13,C
11,90,B
96,79,A
80,62,A
91,45,B
56,51,B
87,70,A
79,56,B
16,58,C
16,50,C
55,33,B
55,18,C
59,23,B
86,20,B
85,57,A
53,80,B
55,22,C
45,53,B
40,31,C
27,86,B
98,71,A
35,24,C
68,53,B
87,74,A
30,72,B
22,17,C
90,40,B
50,37,B
21,77,B
51,51,B
20,99,B
67,29,B
12,46,C
49,95,A
87,60,A
86,39,B
42,43,B
52,11,C
99,48,A
91,40,B
58,95,A
69,28,B
87,54,A
85,24,B
11,30,C
11,30,C
38,78,B
63,62,B
71,81,A
58,50,B
13,21,C
11,43,C
76,98,A
84,39,B
97,86,A
81,73,A
32,20,C
63,97,A
19,53,C
26,26,C
42,80,B
71,18,B
76,80,A
26,97,B
53,33,B
99,72,A
61,44,B
53,31,B
58,41,B
94,79,A
42,19,C
11,27,C
42,56,B
97,25,B
66,100,A
32,80,B
86,66,A
45,16,C
11,93,B
72,31,B
45,65,B
91,87,A
11,30,C
93,11,B
94,11,B
39,46,B
49,47,B
58,64,B
71,95,A
51,61,B
79,81,A
55,79,B
41,32,C
24,84,B
66,63,B
39,86,B
69,60,B
64,48,B
70,42,B
69,40,B
64,23,B
31,88,B
19,59,C
23,97,B
24,11,C
65,17,B
25,28,C
57,59,B
54,46,B
13,62,C
78,42,B
90,53,A
20,92,B
65,14,C
83,18,B
95,90,A
68,49,B
100,68,A
98,96,A
35,28,C
92,69,A
85,62,A
77,18,B
37,64,B
85,10,B
100,36,B
48,75,B
68,92,A
24,91,B
81,68,A
70,11,B
46,39,B
13,48,C
24,98,B
48,61,B
87,98,A
44,37,B
19,33,C
72,13,B
20,30,C
57,54,B
74,23,B
28,71,B
88,85,A
40,20,C
78,40,B
17,37,C
30,76,B
64,21,B
11,60,C
22,42,C
12,65,C
40,10,C
54,76,B
41,87,B
91,36,B
69,23,B
43,37,B
96,79,A
32,63,B
15,21,C
19,40,C
91,60,A
80,22,B
41,79,B
62,62,B
79,74,A
34,52,B
19,58,C
52,41,B
17,82,B
85,85,A
43,100,A
28,35,C
50,56,B
98,10,B
42,31,C
11,33,C
82,88,A
69,47,B
55,89,A
76,23,B
77,11,B
54,90,A
35,96,B
93,94,A
91,26,B
33,28,C
96,93,A
60,58,B
31,86,B
100,95,A
58,29,B
63,46,B
44,64,B
91,57,A
73,42,B
17,59,C
23,42,C
88,62,A
14,75,B
87,47,B
32,76,B
28,80,B
95,54,A
12,15,C
93,85,A
77,48,B
11,56,C
37,68,B
24,83,B
19,46,C
62,55,B
82,26,B
75,21,B
54,37,B
27,93,B
51,52,B
74,31,B
60,72,B
89,11,B
93,19,B
19,85,B
97,15,B
88,71,A
53,32,B
24,88,B
91,42,B
18,27,C
19,83,B
64,27,B
93,86,A
47,46,B
23,44,C
70,86,A
97,11,B
72,95,A
93,67,A
40,51,B
39,84,B
38,80,B
67,79,A
87,46,B
24,63,B
59,75,B
83,91,A
17,20,C
97,19,B
62,66,B
12,55,C
90,99,A
72,29,B
89,81,A
60,47,B
45,41,B
95,76,A
74,39,B
51,10,C
93,75,A
34,87,B
100,76,A
58,28,B
38,61,B
40,35,C
63,21,B
30,71,B
78,18,B
29,72,B
81,74,A
21,21,C
92,42,B
63,14,C
40,10,C
56,65,B
70,39,B
21,83,B
21,35,C
56,44,B
96,72,A
94,36,B
78,95,A
34,91,B
89,10,B
77,82,A
86,24,B
10,10,C
23,55,C
52,91,A
59,100,A
88,86,A
48,35,B
55,64,B
19,35,C
51,86,B
25,70,B
62,33,B
18,47,C
36,44,B
17,91,B
91,54,A
89,22,B
81,76,A
76,68,A
45,65,B
97,11,B
39,60,B
38,32,C
96,24,B
49,60,B
33,75,B
19,14,C
63,23,B
30,15,C
90,33,B
94,73,A
50,84,B
60,23,B
64,62,B
19,36,C
21,73,B
67,54,B
78,31,B
11,85,B
17,96,B
79,49,B
60,23,B
95,73,A
92,52,A
85,70,A
60,55,B
72,81,A
67,84,A
32,69,B
80,60,A
63,73,B
82,34,B
28,39,C
80,40,B
95,63,A
50,51,B
82,68,A
47,100,A
80,73,A
46,82,B
68,70,B
73,53,B
38,16,C
35,34,C
79,42,B
70,44,B
41,59,B
81,32,B
92,55,A
11,48,C
99,64,A
47,40,B
89,38,B
71,24,B
26,60,B
61,80,A
41,73,B
42,46,B
35,17,C
67,86,A
75,39,B
40,23,C
16,98,B
17,69,B
87,75,A
85,64,A
21,54,C
30,80,B
33,20,C
51,46,B
19,47,C
94,71,A
12,70,B
30,67,B
36,74,B
11,53,C
78,10,B
18,18,C
55,48,B
32,96,B
24,50,C
15,95,B
94,31,B
91,94,A
24,47,C
27,62,B
82,61,A
96,34,B
92,93,A
50,100,A
51,65,B
48,63,B
53,37,B
27,61,B
83,21,B
91,58,A
82,50,B
77,34,B
62,55,B
52,64,B
13,77,B
19,50,C
58,43,B
42,30,C
28,64,B
53,19,C
26,81,B
68,72,A
98,68,A
24,60,B
56,33,B
69,45,B
52,99,A
93,68,A
13,80,B
41,14,C
55,59,B
61,92,A
41,33,C
10,44,C
10,91,B
23,67,B
20,90,B
45,37,B
56,16,C
32,19,C
75,70,A
43,81,B
89,95,A
63,22,B
59,22,B
29,19,C
27,24,C
66,12,C
50,78,B
12,47,C
36,14,C
71,77,A
18,40,C
74,66,A
44,78,B
39,34,C
31,10,C
19,83,B
55,81,B
30,35,C
21,98,B
55,36,B
86,60,A
12,63,C
99,97,A
70,62,B
25,52,C
68,42,B
58,18,C
61,91,A
38,40,C
55,81,B
13,36,C
44,97,A
77,14,B
92,59,A
14,89,B
90,87,A
14,76,B
90,48,B
87,91,A
93,24,B
76,54,B
23,77,B
14,33,C
31,52,B
23,68,B
33,38,C
55,20,C
79,35,B
92,29,B
11,74,B
23,61,B
81,16,B
84,47,B
63,60,B
46,47,B
87,39,B
27,48,C
19,67,B
98,57,A
44,88,B
64,33,B
12,90,B
55,73,B
20,95,B
53,92,A
47,67,B
74,52,B
89,51,A
76,66,A
23,72,B
35,17,C
27,11,C
55,13,C
75,92,A
82,32,B
74,68,A
65,49,B
71,60,B
64,25,B
15,76,B
54,46,B
17,26,C
25,12,C
24,19,C
33,40,C
36,36,C
72,73,A
51,67,B
55,13,C
55,67,B
91,48,B
49,79,B
41,60,B
27,69,B
18,43,C
76,97,A
43,81,B
77,51,B
82,19,B
29,82,B
36,64,B
80,65,A
66,77,A
23,64,B
20,85,B
58,41,B
49,68,B
32,67,B
62,47,B
58,97,A
92,65,A
21,48,C
34,57,B
62,22,B
19,66,B
85,90,A
46,19,C
54,83,B
59,30,B
50,54,B
66,25,B
45,62,B
20,72,B
53,98,A
74,75,A
12,98,B
93,55,A
54,92,A
68,77,A
30,81,B
83,22,B
74,16,B
79,99,A
91,30,B
71,44,B
97,52,A
90,40,B
72,94,A
78,77,A
55,24,C
31,71,B
54,32,B
78,95,A
26,68,B
60,51,B
61,70,B
67,44,B
91,49,A
82,52,B
90,80,A
31,21,C
21,27,C
60,29,B
12,17,C
14,15,C
11,20,C
29,46,C
18,36,C
44,30,C
81,59,A
31,76,B
94,39,B
58,47,B
57,90,A
12,19,C
94,58,A
47,70,B
10,36,C
84,68,A
65,68,B
24,36,C
69,55,B
65,57,B
88,58,A
75,35,B
19,63,B
86,75,A
98,82,A
24,97,B
84,22,B
100,29,B
62,58,B
35,47,B
88,15,B
96,79,A
14,79,B
31,15,C
38,92,B
62,32,B
62,64,B
14,95,B
55,12,C
80,33,B
33,97,B
44,11,C
40,80,B
95,66,A
44,52,B
26,27,C
41,100,A
61,89,A
40,17,C
13,73,B
72,73,A
18,62,B
27,14,C
28,97,B
25,15,C
100,64,A
39,38,C
98,92,A
55,91,A
98,13,B
82,31,B
47,77,B
77,12,B
100,19,B
15,10,C
32,78,B
14,55,C
64,64,B
65,95,A
49,25,C
59,66,B
59,44,B
21,96,B
44,83,B
33,35,C
27,42,C
44,82,B
44,68,B
48,70,B
76,79,A
32,35,C
31,42,C
50,37,B
100,42,A
38,38,C
29,23,C
20,80,B
89,15,B
29,20,C
66,46,B
94,62,A
92,88,A
25,92,B
26,90,B
23,11,C
42,70,B
75,57,B
81,31,B
27,27,C
63,40,B
99,21,B
63,73,B
21,44,C
69,35,B
91,83,A
78,34,B
50,75,B
35,95,B
99,56,A
95,80,A
83,88,A
61,90,A
94,15,B
95,15,B
71,39,B
25,99,B
45,87,B
14,81,B
87,15,B
57,38,B
11,69,B
74,73,A
77,10,B
64,88,A
88,19,B
60,10,C
29,91,B
37,16,C
31,98,B
33,61,B
58,57,B
59,86,A
19,68,B
40,24,C
51,53,B
57,91,A
29,34,C
75,55,B
49,50,B
94,68,A
81,20,B
24,68,B
91,98,A
78,59,B
81,69,A
55,49,B
99,95,A
48,69,B
43,42,B
94,75,A
26,34,C
60,80,A
77,62,B
72,11,B
56,18,C
44,36,B
51,15,C
20,31,C
17,97,B
31,39,C
54,72,B
18,44,C
35,70,B
73,53,B
19,87,B
85,77,A
24,39,C
47,73,B
53,65,B
32,29,C
45,64,B
96,26,B
91,61,A
17,86,B
70,13,B
78,77,A
18,17,C
81,12,B
54,55,B
42,83,B
30,43,C
81,76,A
43,35,C
59,71,B
76,88,A
77,94,A
46,49,B
94,41,B
73,67,A
92,22,B
47,77,B
64,95,A
30,39,C
73,88,A
71,60,B
92,45,B
100,82,A
50,13,C
24,16,C
94,41,B
96,37,B
34,16,C
19,11,C
54,48,B
14,19,C
35,53,B
82,39,B
70,13,B
23,45,C
13,91,B
39,79,B
13,45,C
80,56,B
59,32,B
18,51,C
27,17,C
42,80,B
43,69,B
32,26,C
14,63,C
27,72,B
50,87,B
43,98,A
37,36,C
86,80,A
90,84,A
38,90,B
58,94,A
10,62,C
86,48,B
12,54,C
54,24,C
26,62,B
93,82,A
95,91,A
73,23,B
74,72,A
61,29,B
69,74,A
79,96,A
58,40,B
39,13,C
64,52,B
24,43,C
42,41,B
11,27,C
17,23,C
37,27,C
35,75,B
69,55,B
72,90,A
41,58,B
91,45,B
99,95,A
79,58,B
26,71,B
54,85,B
94,10,B
76,91,A
82,81,A
33,39,C
41,10,C
26,39,C
67,52,B
11,86,B
30,79,B
25,19,C
71,33,B
99,34,B
69,19,B
24,62,B
38,74,B
58,40,B
93,55,A
55,29,B
36,49,B
74,40,B
20,13,C
88,67,A
39,62,B
91,71,A
55,38,B
40,49,B
51,17,C
62,61,B
25,67,B
44,50,B
50,53,B
73,92,A
48,28,C
14,52,C
68,13,B
58,81,B
20,23,C
36,54,B
85,98,A
40,57,B
66,87,A
66,37,B
16,40,C
88,85,A
75,73,A
73,70,A
11,32,C
27,40,C
19,47,C
17,49,C
62,47,B
90,48,B
98,28,B
13,31,C
61,73,B
74,24,B
89,18,B
64,18,B
26,67,B
30,50,B
31,96,B
27,100,B
45,93,B
93,21,B
34,11,C
40,15,C
40,21,C
69,63,B
36,14,C
16,36,C
100,13,B
37,75,B
82,92,A
72,84,A
13,100,B
88,82,A
16,33,C
66,16,B
47,57,B
62,76,B
59,16,C
48,76,B
68,79,A
81,71,A
33,87,B
44,81,B
26,66,B
90,46,B
91,62,A
48,20,C
32,18,C
38,33,C
38,85,B
45,34,C
65,87,A
42,39,B
85,89,A
39,29,C
46,68,B
88,53,A
69,21,B
74,55,B
43,48,B
95,96,A
57,55,B
78,64,A
72,37,B
95,97,A
28,77,B
72,68,A
84,42,B
78,30,B
35,85,B
50,90,A
21,91,B
50,14,C
54,42,B
29,52,B
100,72,A
19,21,C
81,59,A
95,44,B
62,45,B
22,67,B
79,84,A
10,29,C
91,19,B
31,59,B
57,96,A
12,68,B
44,84,B
43,87,B
70,87,A
13,52,C
22,74,B
21,71,B
61,16,C
34,17,C
93,37,B
46,97,A
83,26,B
42,62,B
11,26,C
77,16,B
76,22,B
33,18,C
64,97,A
20,39,C
40,78,B
15,22,C
100,62,A
41,89,B
39,74,B
97,46,A
62,44,B
95,52,A
61,83,A
90,19,B
84,93,A
34,93,B
52,31,B
40,61,B
98,88,A
18,54,C
33,91,B
79,58,B
56,59,B
86,100,A
84,48,B
27,77,B
15,39,C
96,10,B
70,95,A
31,66,B
65,69,B
15,82,B
28,28,C
100,50,A
32,89,B
29,56,B
91,38,B
67,26,B
76,68,A
97,21,B
87,61,A
87,67,A
89,83,A
53,88,A
64,66,B
34,26,C
100,91,A
80,10,B
28,73,B
29,71,B
34,14,C
49,17,C
84,23,B
15,10,C
12,20,C
55,87,A
99,13,B
51,14,C
51,55,B
31,19,C
65,16,B
96,24,B
12,92,B
24,69,B
90,80,A
89,41,B
75,87,A
70,31,B
58,17,C
44,88,B
80,53,B
57,13,C
10,42,C
72,26,B
80,43,B
33,37,C
57,85,A
40,58,B
13,11,C
64,92,A
12,99,B
94,74,A
12,92,B
25,92,B
64,28,B
94,79,A
38,63,B
24,35,C
81,43,B
83,100,A
86,39,B
82,78,A
80,27,B
33,55,B
90,54,A
58,99,A
79,65,A
37,19,C
69,63,B
43,54,B
91,52,A
72,53,B
87,96,A
44,30,C
89,45,B
49,80,B
41,44,B
75,23,B
62,30,B
60,45,B
87,32,B
93,93,A
36,94,B
97,99,A
33,85,B
84,95,A
11,84,B
94,25,B
96,95,A
17,91,B
51,73,B
52,82,B
97,91,A
19,23,C
25,90,B
17,81,B
57,17,C
58,14,C
67,13,B
99,13,B
35,65,B
38,47,B
16,47,C
88,74,A
61,51,B
38,95,B
32,54,B
93,55,A
10,44,C
16,32,C
93,16,B
24,47,C
13,19,C
97,78,A
97,69,A
62,63,B
56,33,B
39,76,B
25,96,B
32,26,C
13,60,C
12,57,C
54,94,A
88,23,B
38,15,C
96,70,A
90,16,B
26,90,B
41,12,C
88,20,B
37,64,B
31,72,B
19,35,C
19,61,B
79,41,B
97,88,A
79,62,A
72,64,B
20,95,B
100,66,A
61,93,A
78,19,B
54,89,A
24,17,C
23,14,C
95,20,B
20,89,B
99,81,A
24,57,B
48,42,B
79,43,B
26,82,B
74,82,A
52,32,B
35,67,B
78,80,A
98,92,A
86,44,B
57,75,B
55,64,B
22,58,B
26,19,C
93,98,A
28,61,B
54,47,B
56,48,B
42,98,A
11,39,C
23,84,B
96,35,B
92,21,B
56,21,C
52,84,B
26,96,B
49,41,B
67,11,C
58,87,A
37,49,B
74,97,A
84,28,B
94,88,A
84,96,A
17,95,B
21,96,B
81,25,B
20,48,C
86,46,B
69,87,A
20,96,B
20,65,B
89,67,A
96,79,A
34,50,B
62,83,A
85,80,A
30,32,C
24,21,C
62,27,B
77,58,B
13,62,C
97,49,A
94,81,A
47,56,B
41,90,B
20,93,B
90,41,B
35,55,B
36,16,C
60,40,B
20,66,B
48,23,C
31,86,B
16,68,B
68,71,B
66,91,A
92,90,A
52,48,B
46,10,C
59,42,B
11,57,C
45,59,B
71,62,B
47,30,C
91,57,A
21,59,B
61,17,C
41,20,C
75,11,B
61,30,B
95,18,B
69,31,B
98,19,B
58,22,B
13,68,B
13,99,B
17,23,C
92,88,A
92,83,A
66,40,B
95,69,A
77,48,B
13,74,B
67,13,B
58,13,C
47,41,B
92,24,B
87,21,B
99,50,A
53,75,B
36,20,C
92,54,A
53,92,A
52,95,A
55,30,B
96,54,A
51,70,B
83,98,A
24,26,C
72,46,B
83,90,A
80,74,A
98,95,A
98,16,B
70,65,B
23,99,B
62,97,A
26,79,B
13,41,C
69,68,B
69,68,B
55,86,A
18,56,C
82,61,A
78,31,B
19,99,B
12,51,C
99,90,A
59,99,A
11,39,C
28,86,B
22,39,C
47,19,C
11,81,B
24,49,C
23,44,C
21,88,B
29,77,B
41,78,B
30,25,C
26,80,B
48,54,B
48,16,C
15,68,B
68,61,B
72,61,B
48,59,B
89,51,A
26,39,C
36,65,B
13,84,B
53,60,B
70,97,A
100,95,A
69,88,A
27,14,C
83,11,B
94,71,A
10,62,C
15,67,B
92,24,B
79,24,B
27,74,B
90,21,B
61,52,B
20,13,C
74,16,B
71,73,A
99,87,A
15,54,C
68,27,B
93,27,B
36,63,B
41,52,B
33,24,C
88,28,B
35,40,C
64,77,A
95,47,A
34,93,B
49,52,B
15,53,C
29,18,C
92,23,B
58,78,B
62,59,B
84,93,A
24,74,B
46,60,B
43,50,B
38,66,B
30,16,C
69,80,A
82,84,A
68,98,A
72,16,B
25,28,C
13,86,B
24,40,C
34,55,B
16,26,C
14,18,C
60,38,B
28,31,C
76,23,B
77,64,A
100,40,A
27,79,B
87,48,B
36,79,B
53,66,B
99,22,B
65,85,A
34,55,B
95,62,A
54,78,B
96,51,A
12,77,B
22,64,B
43,94,B
90,13,B
78,84,A
67,27,B
27,65,B
68,82,A
43,28,C
88,98,A
33,10,C
93,37,B
30,52,B
63,76,B
88,61,A
18,44,C
82,11,B
21,63,B
86,62,A
74,86,A
14,99,B
37,36,C
77,66,A
28,14,C
81,97,A
43,66,B
37,51,B
38,99,B
27,62,B
38,57,B
82,41,B
22,40,C
84,51,B
55,47,B
11,39,C
52,92,A
17,94,B
77,37,B
60,35,B
89,42,B
82,74,A
61,66,B
14,21,C
89,16,B
88,99,A
98,28,B
13,30,C
21,68,B
48,98,A
43,99,A
89,58,A
32,14,C
57,61,B
19,73,B
31,48,C
72,22,B
59,17,C
20,18,C
64,14,C
74,41,B
33,38,C
18,10,C
22,65,B
71,29,B
70,43,B
88,81,A
28,66,B
10,99,B
48,91,B
94,55,A
26,97,B
63,41,B
71,82,A
32,29,C
79,30,B
70,82,A
65,74,B
14,61,C
73,82,A
39,67,B
63,64,B
96,54,A
72,94,A
86,81,A
95,87,A
21,12,C
55,58,B
98,59,A
62,45,B
88,81,A
88,33,B
49,61,B
12,13,C
85,11,B
27,32,C
96,30,B
24,79,B
84,36,B
60,84,A
37,94,B
69,48,B
61,15,C
16,47,C
24,42,C
13,51,C
49,31,B
89,19,B
82,83,A
97,79,A
32,30,C
20,29,C
92,64,A
26,28,C
73,44,B
77,33,B
61,37,B
15,81,B
42,69,B
55,69,B
24,40,C
95,23,B
22,85,B
35,15,C
87,54,A
90,58,A
66,62,B
33,19,C
83,37,B
61,70,B
67,88,A
99,53,A
14,91,B
17,55,C
79,60,B
48,57,B
75,94,A
57,42,B
56,96,A
89,56,A
95,37,B
29,41,C
90,40,B
82,43,B
71,23,B
96,20,B
78,74,A
57,78,B
96,51,A
18,52,C
26,14,C
32,35,C
11,93,B
34,87,B
25,49,C
98,21,B
23,33,C
30,39,C
27,32,C
65,84,A
97,48,A
80,16,B
38,34,C
60,97,A
46,18,C
34,82,B
28,57,B
94,62,A
98,87,A
38,14,C
71,60,B
100,11,B
84,74,A
97,53,A
12,37,C
82,93,A
53,20,C
69,39,B
79,46,B
63,50,B
31,12,C
64,91,A
11,91,B
79,53,B
31,81,B
24,74,B
15,47,C
45,61,B
92,18,B
87,80,A
11,80,B
83,23,B
80,39,B
48,44,B
34,40,C
82,64,A
57,62,B
76,80,A
46,39,B
37,98,B
23,12,C
64,100,A
76,41,B
62,99,A
27,15,C
65,39,B
62,63,B
61,20,B
33,36,C
100,23,B
96,100,A
31,93,B
46,64,B
41,82,B
99,79,A
75,68,A
88,36,B
33,44,C
61,44,B
72,22,B
86,10,B
87,61,A
57,52,B
72,76,A
74,79,A
27,15,C
11,26,C
97,34,B
66,79,A
70,66,B
15,15,C
40,56,B
84,24,B
15,72,B
71,79,A
16,65,B
91,51,A
65,73,B
63,88,A
33,44,C
68,46,B
64,32,B
68,69,B
70,22,B
32,92,B
75,85,A
47,95,A
36,19,C
62,97,A
17,82,B
33,72,B
96,31,B
66,58,B
32,14,C
77,69,A
62,63,B
53,57,B
86,38,B
37,97,B
34,92,B
19,93,B
42,98,A
24,11,C
40,75,B
38,86,B
20,43,C
48,72,B
88,63,A
43,15,C
97,32,B
83,29,B
74,66,A
62,52,B
90,58,A
80,56,B
79,96,A
59,41,B
89,29,B
21,54,C
27,36,C
87,84,A
40,36,C
14,84,B
74,75,A
78,77,A
47,47,B
47,71,B
34,95,B
46,26,C
18,44,C
80,20,B
16,79,B
22,27,C
93,16,B
42,100,A
65,25,B
84,73,A
17,16,C
39,83,B
26,11,C
25,11,C
28,56,B
55,95,A
63,42,B
99,38,B
58,23,B
13,44,C
89,10,B
78,18,B
99,80,A
86,56,A
29,59,B
89,77,A
68,26,B
91,76,A
91,14,B
96,61,A
38,12,C
44,77,B
41,70,B
74,35,B
76,26,B
94,58,A
40,97,B
35,23,C
64,67,B
43,67,B
60,30,B
98,13,B
49,31,B
26,17,C
48,23,C
17,24,C
84,64,A
73,63,B
98,88,A
83,16,B
73,37,B
86,85,A
50,97,A
78,85,A
89,61,A
35,81,B
31,42,C
21,50,C
42,63,B
95,96,A
91,18,B
59,67,B
36,54,B
60,13,C
85,68,A
47,43,B
82,25,B
66,48,B
85,43,B
58,56,B
48,40,B
12,69,B
93,32,B
12,87,B
23,22,C
24,22,C
81,66,A
72,98,A
85,20,B
35,22,C
65,15,B
37,26,C
81,46,B
55,61,B
75,66,A
81,25,B
55,20,C
87,63,A
46,11,C
27,42,C
11,50,C
36,92,B
87,66,A
79,90,A
59,57,B
85,11,B
68,34,B
15,91,B
25,82,B
33,41,C
16,60,C
81,78,A
94,21,B
20,68,B
29,84,B
11,63,C
14,42,C
46,47,B
91,34,B
29,81,B
54,94,A
34,32,C
92,96,A
15,17,C
82,36,B
84,30,B
47,18,C
63,57,B
80,95,A
94,96,A
68,58,B
71,88,A
89,20,B
86,37,B
56,89,A
46,29,C
81,54,B
32,88,B
14,36,C
60,29,B
36,37,C
50,95,A
22,43,C
31,29,C
29,15,C
24,97,B
61,85,A
67,36,B
90,17,B
90,49,B
54,32,B
56,91,A
28,58,B
19,97,B
98,91,A
76,61,B
34,74,B
46,10,C
52,44,B
68,93,A
31,70,B
22,75,B
93,48,A
94,29,B
85,13,B
68,13,B
63,27,B
45,93,B
88,53,A
67,59,B
12,81,B
94,87,A
36,27,C
41,23,C
42,80,B
59,51,B
62,29,B
88,21,B
71,51,B
37,99,B
49,34,B
71,18,B
48,44,B
40,92,B
69,59,B
97,64,A
78,50,B
71,88,A
81,37,B
19,34,C
29,39,C
33,98,B
59,33,B
83,43,B
71,24,B
64,100,A
39,20,C
27,78,B
92,76,A
29,20,C
30,43,C
40,15,C
71,26,B
94,15,B
21,61,B
98,39,B
33,43,C
73,33,B
51,64,B
52,64,B
96,95,A
34,67,B
14,60,C
59,69,B
73,37,B
53,32,B
13,30,C
57,92,A
79,90,A
93,43,B
83,39,B
28,77,B
10,87,B
15,80,B
37,98,B
74,40,B
98,56,A
100,37,B
77,32,B
51,52,B
92,77,A
87,58,A
97,83,A
34,23,C
19,77,B
26,13,C
70,25,B
47,89,B
25,67,B
76,69,A
96,51,A
62,75,B
37,55,B
60,89,A
76,58,B
97,54,A
82,95,A
34,66,B
81,18,B
98,91,A
29,39,C
64,95,A
88,35,B
29,89,B
60,35,B
75,19,B
48,34,B
67,21,B
79,59,B
36,64,B
91,16,B
11,14,C
95,79,A
28,100,B
32,18,C
44,42,B
37,14,C
63,87,A
23,38,C
59,89,A
22,95,B
84,66,A
82,41,B
76,63,B
69,89,A
23,88,B
79,94,A
49,40,B
35,30,C
12,36,C
71,59,B
73,22,B
17,55,C
90,71,A
39,85,B
55,92,A
94,40,B
15,58,C
71,26,B
12,76,B
41,37,C
18,51,C
41,24,C
22,83,B
56,90,A
11,31,C
100,30,B
72,39,B
28,37,C
12,47,C
31,93,B
91,53,A
52,67,B
52,48,B
35,28,C
39,67,B
18,46,C
93,94,A
81,18,B
67,46,B
30,93,B
15,19,C
96,15,B
13,69,B
81,90,A
53,68,B
93,58,A
69,99,A
96,29,B
78,57,B
38,63,B
87,83,A
65,17,B
19,53,C
70,78,A
33,90,B
30,24,C
78,60,B
60,69,B
18,33,C
80,21,B
80,96,A
90,71,A
81,12,B
32,29,C
39,77,B
85,35,B
22,22,C
81,21,B
18,51,C
65,93,A
20,73,B
87,92,A
10,20,C
74,61,B
96,51,A
63,54,B
80,37,B
77,29,B
45,18,C
19,21,C
59,89,A
53,42,B
30,59,B
16,55,C
54,26,B
21,62,B
88,86,A
41,57,B
61,49,B
26,30,C
19,35,C
82,79,A
18,98,B
33,38,C
96,64,A
22,29,C
88,90,A
59,47,B
41,58,B
24,49,C
24,87,B
20,11,C
76,72,A
98,26,B
34,83,B
61,62,B
14,68,B
29,68,B
56,69,B
22,15,C
14,67,B
12,86,B
27,80,B
91,25,B
10,57,C
97,17,B
18,14,C
40,66,B
87,89,A
37,75,B
52,30,B
42,73,B
15,61,C
79,14,B
40,18,C
90,22,B
44,54,B
29,49,C
11,18,C
11,44,C
96,23,B
13,74,B
38,17,C
91,71,A
94,89,A
91,72,A
81,47,B
56,78,B
67,44,B
55,76,B
36,13,C
26,98,B
19,33,C
88,83,A
30,71,B
50,62,B
80,23,B
42,41,B
79,29,B
63,74,B
34,37,C
53,33,B
93,65,A
71,96,A
13,28,C
91,68,A
41,59,B
13,37,C
31,31,C
97,49,A
12,23,C
88,13,B
39,18,C
71,49,B
80,34,B
39,51,B
49,89,B
41,71,B
41,12,C
81,98,A
69,87,A
25,76,B
84,13,B
38,20,C
61,52,B
35,24,C
51,94,A
22,57,C
87,52,B
42,23,C
33,57,B
33,12,C
75,31,B
22,50,C
24,77,B
41,33,C
67,69,B
77,38,B
62,50,B
68,80,A
29,79,B
53,57,B
30,81,B
40,30,C
84,58,A
17,19,C
25,61,B
65,58,B
100,89,A
47,95,A
53,60,B
81,59,A
48,67,B
51,31,B
10,64,C
51,31,B
62,82,A
76,56,B
17,59,C
54,17,C
57,83,A
84,41,B
12,10,C
19,51,C
45,76,B
66,12,C
93,100,A
89,23,B
15,49,C
42,13,C
71,95,A
100,80,A
52,64,B
68,74,A
36,62,B
75,61,B
18,74,B
25,61,B
36,61,B
26,45,C
41,17,C
64,48,B
100,40,A
14,65,C
28,39,C
37,79,B
18,10,C
18,58,C
80,28,B
39,24,C
82,58,A
43,38,B
13,61,C
96,55,A
65,74,B
46,74,B
87,61,A
93,29,B
43,96,B
65,95,A
24,75,B
43,42,B
37,20,C
79,19,B
28,17,C
28,86,B
25,10,C
94,68,A
89,15,B
39,56,B
81,65,A
64,72,B
51,14,C
77,60,B
16,78,B
43,31,C
32,47,C
78,46,B
59,91,A
52,48,B
50,75,B
32,42,C
43,94,B
63,12,C
17,50,C
19,55,C
55,71,B
85,88,A
76,93,A
39,86,B
82,15,B
65,59,B
33,14,C
25,80,B
75,41,B
53,32,B
33,44,C
67,53,B
61,38,B
88,32,B
74,45,B
90,32,B
20,10,C
19,94,B
52,60,B
15,58,C
42,51,B
48,85,B
45,21,C
36,58,B
84,42,B
52,53,B
98,43,A
98,77,A
44,18,C
89,61,A
44,86,B
34,11,C
34,64,B
39,82,B
35,88,B
75,38,B
37,43,B
67,70,B
46,77,B
57,12,C
47,100,A
71,100,A
68,13,B
49,81,B
78,30,B
96,100,A
55,16,C
45,49,B
45,73,B
41,67,B
54,41,B
99,73,A
36,11,C
64,62,B
55,13,C
54,39,B
46,34,B
80,74,A
53,85,B
54,24,C
87,22,B
49,25,C
59,31,B
77,68,A
79,27,B
46,78,B
35,28,C
61,12,C
76,64,A
15,67,B
71,97,A
17,10,C
55,26,B
63,96,A
61,99,A
91,53,A
22,98,B
92,51,A
45,93,B
38,42,B
40,61,B
66,11,C
65,34,B
69,19,B
100,14,B
31,62,B
38,86,B
64,60,B
71,49,B
93,23,B
18,24,C
24,51,C
34,10,C
73,85,A
40,44,B
28,78,B
33,82,B
90,86,A
70,95,A
13,54,C
20,39,C
32,41,C
97,74,A
72,94,A
70,53,B
77,84,A
54,27,B
45,34,C
15,69,B
72,65,B
52,99,A
94,58,A
23,94,B
78,79,A
70,77,A
55,10,C
77,63,A
16,71,B
45,52,B
79,62,A
13,69,B
39,22,C
40,69,B
86,75,A
85,85,A
33,92,B
14,19,C
44,89,B
33,79,B
71,16,B
19,100,B
55,65,B
24,33,C
91,74,A
38,35,C
93,50,A
76,88,A
88,91,A
67,61,B
12,84,B
57,81,B
36,46,B
84,84,A
35,90,B
40,34,C
33,27,C
17,65,B
36,92,B
89,40,B
97,49,A
53,89,A
46,63,B
20,13,C
57,73,B
25,11,C
35,81,B
89,10,B
92,68,A
89,67,A
22,49,C
86,54,A
51,43,B
21,72,B
16,74,B
50,48,B
52,31,B
21,75,B
46,94,A
38,95,B
71,55,B
93,81,A
12,67,C
46,29,C
50,82,B
13,86,B
49,45,B
69,18,B
28,48,C
46,36,B
24,67,B
87,88,A
25,13,C
56,13,C
18,25,C
79,23,B
98,22,B
96,10,B
73,52,B
36,16,C
68,76,A
41,86,B
69,90,A
36,94,B
69,69,B
15,69,B
70,49,B
39,13,C
31,58,B
81,35,B
66,68,B
32,46,C
61,39,B
21,27,C
98,91,A
44,24,C
73,81,A
23,42,C
69,54,B
25,74,B
40,66,B
75,15,B
32,12,C
14,40,C
17,50,C
63,59,B
17,53,C
96,54,A
68,27,B
95,58,A
88,30,B
10,62,C
43,29,C
66,45,B
33,77,B
40,76,B
12,77,B
19,85,B
21,63,B
92,60,A
95,63,A
62,47,B
57,47,B
45,20,C
22,58,B
54,13,C
19,40,C
91,74,A
57,36,B
30,82,B
18,48,C
47,53,B
20,88,B
62,14,C
93,71,A
38,86,B
42,58,B
36,16,C
29,10,C
48,75,B
94,51,A
49,40,B
19,76,B
86,25,B
19,89,B
75,49,B
86,34,B
74,59,B
46,54,B
82,14,B
19,94,B
95,23,B
88,28,B
29,78,B
52,74,B
10,79,B
54,77,B
67,74,A
11,11,C
82,91,A
41,33,C
19,38,C
19,24,C
73,87,A
37,57,B
50,37,B
85,24,B
51,43,B
17,81,B
31,33,C
73,36,B
29,60,B
11,64,C
80,82,A
100,35,B
68,17,B
47,31,C
83,37,B
12,75,B
23,65,B
12,13,C
12,97,B
62,47,B
98,36,B
11,82,B
72,89,A
12,79,B
17,84,B
92,78,A
32,39,C
64,35,B
58,23,B
61,48,B
89,45,B
44,62,B
60,36,B
27,96,B
65,22,B
46,31,C
27,38,C
48,13,C
16,93,B
50,47,B
54,72,B
64,83,A
47,79,B
30,38,C
73,44,B
54,15,C
40,59,B
14,62,C
35,50,B
16,41,C
48,36,B
83,90,A
39,19,C
37,91,B
94,38,B
25,43,C
95,40,B
44,44,B
40,58,B
75,86,A
70,61,B
74,64,B
98,71,A
83,60,A
63,84,A
68,79,A
81,83,A
53,49,B
73,89,A
53,84,B
97,71,A
88,24,B
33,68,B
55,93,A
69,42,B
84,20,B
37,38,C
87,37,B
46,70,B
72,17,B
67,41,B
65,58,B
56,60,B
14,41,C
47,40,B
33,24,C
70,77,A
17,57,C
47,54,B
43,65,B
96,35,B
58,50,B
60,36,B
89,98,A
30,15,C
69,19,B
85,80,A
57,13,C
67,18,B
27,88,B
24,47,C
39,14,C
39,52,B
80,37,B
15,17,C
28,39,C
41,39,B
58,89,A
86,78,A
39,22,C
23,33,C
85,84,A
73,10,B
86,99,A
23,16,C
54,26,B
95,46,A
83,43,B
34,25,C
28,36,C
98,100,A
76,57,B
50,46,B
29,68,B
83,58,A
24,16,C
35,16,C
97,79,A
56,28,B
55,60,B
73,78,A
76,83,A
35,93,B
80,65,A
14,11,C
55,84,B
82,91,A
39,99,B
18,41,C
74,76,A
96,17,B
19,42,C
37,23,C
28,90,B
91,46,B
67,18,B
84,86,A
82,74,A
48,61,B
50,79,B
47,78,B
54,46,B
65,91,A
72,87,A
93,49,A
74,98,A
44,28,C
84,33,B
85,34,B
10,50,C
35,87,B
95,40,B
26,61,B
61,19,B
12,23,C
76,35,B
64,19,B
45,21,C
89,34,B
100,40,A
79,99,A
20,63,B
65,62,B
10,16,C
64,51,B
67,45,B
95,10,B
48,16,C
92,31,B
17,39,C
19,71,B
36,98,B
70,49,B
53,15,C
15,40,C
73,27,B
76,96,A
63,54,B
28,86,B
48,30,C
11,83,B
50,92,A
71,30,B
47,20,C
67,64,B
52,93,A
22,36,C
11,78,B
61,24,B
17,31,C
19,10,C
15,86,B
26,88,B
20,87,B
59,52,B
93,10,B
94,64,A
29,52,B
14,10,C
56,46,B
90,28,B
60,28,B
96,83,A
89,61,A
64,68,B
73,92,A
54,14,C
97,78,A
61,62,B
69,36,B
49,19,C
96,39,B
11,96,B
70,39,B
45,35,B
94,31,B
99,49,A
60,39,B
86,41,B
58,61,B
43,50,B
98,52,A
91,96,A
13,42,C
29,53,B
26,35,C
25,20,C
41,85,B
93,15,B
68,98,A
94,62,A
71,25,B
70,86,A
51,19,C
22,48,C
92,42,B
40,44,B
37,20,C
72,60,B
43,63,B
70,12,B
90,59,A
89,98,A
97,92,A
86,54,A
77,56,B
58,37,B
33,19,C
87,37,B
58,23,B
99,28,B
23,30,C
43,19,C
59,77,B
88,48,B
69,85,A
58,36,B
23,43,C
79,75,A
68,53,B
62,70,B
94,47,A
71,14,B
95,44,B
72,65,B
11,17,C
59,81,A
35,75,B
57,17,C
59,21,B
92,87,A
70,57,B
49,80,B
13,39,C
24,41,C
62,63,B
36,42,C
71,61,B
21,70,B
39,49,B
100,48,A
63,36,B
61,83,A
87,67,A
99,10,B
53,55,B
46,18,C
63,78,A
34,73,B
42,25,C
39,63,B
11,66,C
36,52,B
38,41,C
25,73,B
12,86,B
43,12,C
50,86,B
48,26,C
86,23,B
73,67,A
47,24,C
41,45,B
92,100,A
20,57,C
72,77,A
16,22,C
58,18,C
81,67,A
13,80,B
100,34,B
36,89,B
91,81,A
88,86,A
19,12,C
87,100,A
56,52,B
58,89,A
23,99,B
98,17,B
15,39,C
13,98,B
15,30,C
83,94,A
53,93,A
15,65,B
70,57,B
41,66,B
25,18,C
20,56,C
31,88,B
51,31,B
34,37,C
88,39,B
49,46,B
95,85,A
66,15,B
65,66,B
90,65,A
100,57,A
71,26,B
52,20,C
82,57,B
94,52,A
70,52,B
43,52,B
25,44,C
63,41,B
75,69,A
51,38,B
87,66,A
73,20,B
60,54,B
32,94,B
56,74,B
31,26,C
19,88,B
89,37,B
96,72,A
66,59,B
30,64,B
78,92,A
83,100,A
83,33,B
99,47,A
10,14,C
59,54,B
13,59,C
45,13,C
17,45,C
48,91,B
70,94,A
62,12,C
67,28,B
100,80,A
44,44,B
58,29,B
10,75,B
90,58,A
78,17,B
14,83,B
68,96,A
37,18,C
48,10,C
14,41,C
43,29,C
49,95,A
61,52,B
91,25,B
41,42,B
24,86,B
87,98,A
27,19,C
41,39,B
36,100,B
15,76,B
70,73,A
44,24,C
87,52,B
72,49,B
39,45,B
22,91,B
89,40,B
10,57,C
64,12,C
62,63,B
22,95,B
31,57,B
89,96,A
76,34,B
62,54,B
89,12,B
90,31,B
65,99,A
54,30,B
30,18,C
42,83,B
23,68,B
72,49,B
59,63,B
21,97,B
34,71,B
73,51,B
35,57,B
43,38,B
76,59,B
28,50,C
31,18,C
68,87,A
91,62,A
81,62,A
43,87,B
64,85,A
10,94,B
46,47,B
34,26,C
83,21,B
100,15,B
28,92,B
92,44,B
18,60,C
33,53,B
98,99,A
97,16,B
35,46,B
77,15,B
84,94,A
50,26,C
47,38,B
67,67,B
91,88,A
15,71,B
77,99,A
78,15,B
87,74,A
87,27,B
98,92,A
26,14,C
76,53,B
73,56,B
83,97,A
38,68,B
89,40,B
75,29,B
30,79,B
56,91,A
45,49,B
56,22,C
21,53,C
77,90,A
22,50,C
61,18,C
13,17,C
71,65,B
25,59,B
84,39,B
20,85,B
73,72,A
93,14,B
92,34,B
80,37,B
31,65,B
51,21,C
14,35,C
60,94,A
62,99,A
32,46,C
95,47,A
53,93,A
88,78,A
97,49,A
76,56,B
60,64,B
59,96,A
17,74,B
23,82,B
70,88,A
16,50,C
92,95,A
52,74,B
40,27,C
63,85,A
54,33,B
42,54,B
95,71,A
72,69,A
98,77,A
36,76,B
89,79,A
65,92,A
30,24,C
13,72,B
55,37,B
99,75,A
93,11,B
63,96,A
70,100,A
35,61,B
81,13,B
43,37,B
89,68,A
13,55,C
72,46,B
98,70,A
59,15,C
52,49,B
62,93,A
18,57,C
53,41,B
24,32,C
41,63,B
15,70,B
67,38,B
26,96,B
97,62,A
72,55,B
33,23,C
47,53,B
20,79,B
81,70,A
51,21,C
90,81,A
66,97,A
15,41,C
65,71,B
27,56,B
54,22,C
70,78,A
63,90,A
31,28,C
22,50,C
79,93,A
44,32,C
73,93,A
65,76,A
36,97,B
88,48,B
41,38,C
10,39,C
41,46,B
80,81,A
14,82,B
96,24,B
30,91,B
17,45,C
51,64,B
68,59,B
75,64,B
42,59,B
27,89,B
17,20,C
69,89,A
71,64,B
77,91,A
39,21,C
75,38,B
73,35,B
24,47,C
12,76,B
44,73,B
54,98,A
26,56,B
13,82,B
42,39,B
17,43,C
98,32,B
69,32,B
92,44,B
98,23,B
14,84,B
47,62,B
38,18,C
86,13,B
67,11,C
13,77,B
27,93,B
34,83,B
66,48,B
100,63,A
34,76,B
61,73,B
76,72,A
58,54,B
72,54,B
83,51,B
27,39,C
73,98,A
14,87,B
17,78,B
95,76,A
63,47,B
61,17,C
58,87,A
46,88,B
81,35,B
99,66,A
55,27,B
21,16,C
93,78,A
17,93,B
50,78,B
47,60,B
62,99,A
15,96,B
40,43,B
66,75,A
16,81,B
39,65,B
66,23,B
97,47,A
90,79,A
32,59,B
95,86,A
11,90,B
50,26,C
31,72,B
85,40,B
26,26,C
87,32,B
98,84,A
35,75,B
43,35,C
74,76,A
56,93,A
81,40,B
36,15,C
41,44,B
51,23,C
62,10,C
40,28,C
65,22,B
22,19,C
34,45,C
94,29,B
43,60,B
86,95,A
68,56,B
48,89,B
72,42,B
58,27,B
85,14,B
85,96,A
38,92,B
48,81,B
76,95,A
68,41,B
67,29,B
44,51,B
24,28,C
93,54,A
54,71,B
95,45,A
36,51,B
18,99,B
79,30,B
100,33,B
82,94,A
65,82,A
24,77,B
20,77,B
15,69,B
82,37,B
18,19,C
47,62,B
24,87,B
72,98,A
61,50,B
60,26,B
90,82,A
30,23,C
16,87,B
46,99,A
78,87,A
57,83,A
73,33,B
24,64,B
59,76,B
53,92,A
89,52,A
94,56,A
95,61,A
19,83,B
11,49,C
80,46,B
63,12,C
94,97,A
63,67,B
56,34,B
50,74,B
93,31,B
68,53,B
91,83,A
75,58,B
83,72,A
65,90,A
63,62,B
43,79,B
36,76,B
71,93,A
59,94,A
24,99,B
64,16,B
73,18,B
34,55,B
83,82,A
82,83,A
96,81,A
59,79,B
14,59,C
57,69,B
13,39,C
42,60,B
72,67,B
57,93,A
15,29,C
85,76,A
79,76,A
78,50,B
57,64,B
29,64,B
82,84,A
35,50,B
79,59,B
65,71,B
75,37,B
53,63,B
28,83,B
46,80,B
12,100,B
84,96,A
10,45,C
36,100,B
56,98,A
16,18,C
28,64,B
29,84,B
59,97,A
85,19,B
51,99,A
25,11,C
15,55,C
95,77,A
49,48,B
90,82,A
33,75,B
71,74,A
29,38,C
78,96,A
80,62,A
21,74,B
55,29,B
65,68,B
44,51,B
48,15,C
22,91,B
73,24,B
96,81,A
61,81,A
72,80,A
94,74,A
93,74,A
93,26,B
18,13,C
34,82,B
